quarter,DelNegro2017,GoyIwasaki2024,HLW2023,Imakubo2015,Nakajima2023,OkazakiSudo2018
1992Q1,0.6585,,1.6193,,,3.7501
1992Q2,0.6014,,1.4788,,,3.4411
1992Q3,0.4705,,1.3493,,,2.9885
1992Q4,0.4002,,1.2431,,,2.8488
1993Q1,0.3386,1.1361,1.1053,,,2.6143
1993Q2,0.3244,1.0673,1.0271,,,2.3078
1993Q3,0.2494,0.9737,0.9858,,,2.1821
1993Q4,0.1562,0.8854,0.9578,,,1.8465
1994Q1,0.2061,0.842,0.9228,,,1.6932
1994Q2,0.2597,0.7908,0.9288,,,1.3812
1994Q3,0.3414,0.7527,0.918,,,1.1942
1994Q4,0.3511,0.6773,0.9382,,,1.2844
1995Q1,0.2396,0.5465,0.9363,1.1769,0.6414,1.0964
1995Q2,0.0456,0.3917,0.9178,1.1628,0.6466,0.8603
1995Q3,-0.056,0.2731,0.8752,1.1658,1.1319,0.7192
1995Q4,-0.1131,0.2107,0.8363,1.1797,1.2397,0.6104
1996Q1,-0.1012,0.1526,0.7767,1.1963,0.9675,0.6031
1996Q2,-0.1021,0.1024,0.6928,1.2225,1.0307,0.5647
1996Q3,-0.1102,0.063,0.6094,1.1937,1.2508,0.5972
1996Q4,-0.1246,0.0447,0.4909,1.1608,1.283,0.5611
1997Q1,-0.1012,0.0293,0.3587,1.1879,1.3983,0.4683
1997Q2,-0.0518,0.0148,0.2619,1.1502,1.2489,0.6524
1997Q3,-0.0621,-0.0152,0.1637,1.094,1.0261,0.4402
1997Q4,-0.0674,-0.0414,0.0772,1.0338,0.8362,0.5481
1998Q1,-0.0435,-0.0571,0.0595,0.9673,0.8582,0.5893
1998Q2,-0.0532,-0.0728,0.0658,0.9021,0.7069,0.6552
1998Q3,-0.0703,-0.0942,0.0692,0.8439,0.4862,0.5175
1998Q4,-0.0532,-0.0761,0.0613,0.7998,0.5462,0.3256
1999Q1,-0.0051,-0.0828,0.1147,0.6946,1.2442,0.3546
1999Q2,-0.0097,-0.0826,0.1575,0.6268,0.7435,0.2972
1999Q3,0.0078,-0.1007,0.1937,0.5787,0.5295,0.3344
1999Q4,0.019,-0.1139,0.2401,0.5878,0.4704,0.3617
2000Q1,0.0455,-0.1211,0.229,0.5559,0.3857,0.3633
2000Q2,0.0671,-0.1073,0.21,0.6028,0.5289,0.2763
2000Q3,0.1071,-0.0716,0.1962,0.6247,0.8106,0.364
2000Q4,0.127,-0.0439,0.1528,0.6021,0.7559,0.5432
2001Q1,0.1017,-0.0319,0.0957,0.6422,0.6435,0.4915
2001Q2,0.077,0.0014,0.0784,0.6453,0.7261,0.5502
2001Q3,0.0834,0.0471,0.1165,0.636,0.7352,0.556
2001Q4,0.0941,0.0802,0.1746,0.61,0.7029,0.4982
2002Q1,0.0993,0.0862,0.2268,0.5589,0.7183,0.3362
2002Q2,0.0727,0.0881,0.2603,0.4998,0.5883,0.2574
2002Q3,0.0373,0.0842,0.289,0.4608,0.4289,0.1438
2002Q4,0.0057,0.076,0.3167,0.4328,0.3043,0.2203
2003Q1,-0.0061,0.0729,0.3572,0.4317,0.5277,0.2988
2003Q2,-0.0046,0.0712,0.3777,0.4333,0.6296,0.3075
2003Q3,0.0295,0.0596,0.3969,0.4411,0.7717,0.297
2003Q4,0.0041,0.0274,0.3874,0.4321,0.6153,0.2593
2004Q1,-0.0532,-0.0322,0.3582,0.4394,0.6115,0.3593
2004Q2,-0.0908,-0.0982,0.3432,0.4365,0.7567,0.3473
2004Q3,-0.1426,-0.1697,0.324,0.4217,0.7583,0.3549
2004Q4,-0.2088,-0.2267,0.336,0.4065,0.6238,0.2418
2005Q1,-0.2609,-0.278,0.3366,0.4143,0.693,0.2448
2005Q2,-0.2972,-0.3174,0.309,0.4114,0.6436,0.275
2005Q3,-0.2828,-0.3346,0.2595,0.4204,0.6591,0.4258
2005Q4,-0.2474,-0.3368,0.2119,0.4486,0.7207,0.4698
2006Q1,-0.1919,-0.331,0.1712,0.4179,0.7965,0.5773
2006Q2,-0.1414,-0.3131,0.13,0.4032,0.8933,0.5375
2006Q3,-0.137,-0.282,0.0945,0.3776,0.6944,0.3952
2006Q4,-0.1248,-0.2394,0.011,0.333,0.6461,0.2836
2007Q1,-0.1037,-0.2018,-0.0983,0.3148,0.8393,0.2732
2007Q2,-0.081,-0.1724,-0.2152,0.2898,0.8258,0.3306
2007Q3,-0.1023,-0.1497,-0.308,0.2398,0.5426,0.2932
2007Q4,-0.1611,-0.1387,-0.4284,0.1859,0.4616,0.2123
2008Q1,-0.2152,-0.1509,-0.5639,0.115,0.4195,0.0404
2008Q2,-0.2047,-0.1736,-0.6809,0.0476,0.3914,0.1301
2008Q3,-0.2234,-0.1973,-0.7617,-0.0229,0.1566,0.1379
2008Q4,-0.2328,-0.2327,-0.731,-0.0808,0.0418,-0.0403
2009Q1,-0.2254,-0.2283,-0.5359,-0.1295,-0.08,0.0142
2009Q2,-0.1837,-0.2089,-0.3818,-0.2047,0.1187,-0.0762
2009Q3,-0.1616,-0.1808,-0.202,-0.2601,0.0337,0.0856
2009Q4,-0.1788,-0.1544,-0.0786,-0.3229,-0.0762,-0.0931
2010Q1,-0.2154,-0.1543,-0.0062,-0.3687,-0.0665,-0.02
2010Q2,-0.2536,-0.167,0.008,-0.3715,-0.1427,-0.1702
2010Q3,-0.2927,-0.1752,-0.0266,-0.3575,-0.1805,-0.1707
2010Q4,-0.3067,-0.1823,-0.0154,-0.3281,-0.0508,-0.2255
2011Q1,-0.3158,-0.1936,0.0644,-0.3111,0.0955,-0.1391
2011Q2,-0.3507,-0.1959,0.1691,-0.3833,-0.1077,-0.1163
2011Q3,-0.3832,-0.1724,0.192,-0.3822,0.0292,-0.2293
2011Q4,-0.3982,-0.1435,0.2192,-0.3845,0.0526,-0.2959
2012Q1,-0.4263,-0.1159,0.2006,-0.359,0.0265,-0.3482
2012Q2,-0.4495,-0.103,0.2288,-0.256,0.1776,-0.3064
2012Q3,-0.4608,-0.1076,0.2846,-0.2372,0.3976,-0.2378
2012Q4,-0.4763,-0.1372,0.3463,-0.2243,0.4888,-0.2938
2013Q1,-0.5029,-0.1982,0.366,-0.2361,0.3581,-0.4422
2013Q2,-0.5368,-0.2688,0.3553,-0.2584,0.3404,-0.4895
2013Q3,-0.6037,-0.3523,0.3199,-0.2578,0.4885,-0.6116
2013Q4,-0.6807,-0.4377,0.2939,-0.2547,0.4942,-0.5783
2014Q1,-0.7458,-0.5277,0.246,-0.2537,0.5431,-0.6132
2014Q2,-0.8005,-0.6107,0.2662,-0.22,0.598,-0.5022
2014Q3,-0.843,-0.6746,0.2879,-0.2211,0.642,-0.4604
2014Q4,-0.878,-0.7309,0.2932,-0.2165,0.6613,-0.4476
2015Q1,-0.9016,-0.7767,0.2494,-0.2162,0.7358,-0.5601
2015Q2,-0.9146,-0.8055,0.2091,-0.2212,0.7489,-0.5563
2015Q3,-0.9331,-0.8255,0.1766,-0.2223,0.8092,-0.4594
2015Q4,-0.9704,-0.8499,0.1621,-0.2287,0.7742,-0.3811
2016Q1,-1.0285,-0.8771,0.1255,-0.2383,0.6659,-0.3619
2016Q2,-1.0651,-0.8918,0.1096,-0.2736,0.6162,-0.3943
2016Q3,-1.0742,-0.8824,0.0975,-0.3079,0.6667,-0.272
2016Q4,-1.07,-0.8667,0.0907,-0.3427,0.6543,-0.2698
2017Q1,-1.0651,-0.8547,0.0661,-0.3496,0.6314,-0.2225
2017Q2,-1.0582,-0.8306,0.0364,-0.3601,0.5795,-0.2583
2017Q3,-1.0491,-0.8029,-0.0266,-0.3751,0.5839,-0.2826
2017Q4,-1.0382,-0.7832,-0.0867,-0.3986,0.5213,-0.2322
2018Q1,-1.0213,-0.7677,-0.1358,-0.4533,0.4643,-0.1377
2018Q2,-1.0031,-0.7586,-0.1996,-0.5114,0.3611,-0.0082
2018Q3,-0.9875,-0.7524,-0.2382,-0.5361,0.336,0.0244
2018Q4,-0.9817,-0.7544,-0.2741,-0.6001,0.149,-0.0026
2019Q1,-0.9741,-0.7561,-0.3135,-0.6485,0.0272,-0.1646
2019Q2,-0.9589,-0.7523,-0.3687,-0.6832,0.0092,-0.2148
2019Q3,-0.9326,-0.7425,-0.4095,-0.7457,-0.1018,-0.1839
2019Q4,-0.8943,-0.7231,-0.3397,-0.7328,-0.0237,0.063
2020Q1,-0.8588,-0.718,-0.2652,-0.7388,-0.0636,0.067
2020Q2,-0.8138,-0.7089,-0.1199,-0.7177,-0.2243,-0.0262
2020Q3,-0.778,-0.7036,-0.024,-0.698,0.0129,-0.144
2020Q4,-0.7506,-0.7011,0.041,-0.6895,-0.0062,-0.1301
2021Q1,-0.7373,-0.7097,-0.0259,-0.6383,0.0719,0.0277
2021Q2,-0.7297,-0.7262,-0.0908,-0.6021,0.056,-0.0136
2021Q3,-0.7311,-0.7412,-0.1357,-0.5315,0.1126,0.0452
2021Q4,-0.7166,-0.7532,-0.1439,-0.4752,0.3429,-0.0314
2022Q1,-0.6979,-0.7668,-0.2123,-0.4452,0.3863,-0.0008
2022Q2,-0.6911,-0.7895,-0.2754,-0.4206,0.3939,0.0046
2022Q3,-0.6759,-0.8184,-0.3281,-0.4024,0.3531,0.0037
2022Q4,-0.657,-0.8413,-0.3878,-0.3856,0.3605,-0.2073
2023Q1,-0.6466,-0.8773,-0.4579,-0.3666,0.5423,-0.3431
2023Q2,-0.6462,-0.9287,-0.5152,-0.3449,0.487,-0.5069
2023Q3,-0.604,-0.9746,-0.5091,-0.3387,0.4713,-0.4228
2023Q4,-0.5665,-1.0052,-0.5093,-0.3363,0.4758,-0.2072
2024Q1,-0.5404,-1.0093,-0.4802,-0.3235,0.4843,0.0094
2024Q2,-0.4991,-1.001,-0.4478,-0.3275,0.5236,0.0114
2024Q3,-0.4873,-0.9887,-0.4383,-0.3174,0.4276,0.1735
2024Q4,-0.4686,-0.9723,-0.4422,-0.3201,0.4163,0.1928
2025Q1,-0.4272,-0.9601,-0.4496,-0.3291,0.5236,0.2927
2025Q2,-0.4211,-0.9518,-0.4739,-0.3204,0.5638,0.2301
2025Q3,-0.3956,-0.9349,-0.4689,-0.3172,0.5297,0.4244
