date,real_gdp,consumption,cpi,core_cpi_yoy,short_rate,rate_3m,rate_10y,working_age_pop,jgb_1y,jgb_2y,jgb_3y,jgb_4y,jgb_5y,jgb_6y,jgb_7y,jgb_8y,jgb_9y,jgb_10y,jgb_15y,jgb_20y,jgb_25y,jgb_30y,jgb_40y
1985-01-01,354283.45239795465,195510.5342845241,60.17250719144882,1.1483978422215553,5.985687563322215,6.159616145886272,7.737563450935673,86.01871932258531,6.589049898772155,6.9685845985230745,7.212353880946097,7.374785157486055,7.487110466530872,7.567632399167374,7.627329364886108,7.672954883452428,7.708775892199457,7.737563450935673,7.82419638520746,7.867541280063645,7.893547867791496,7.910885558087414,7.932557668138157
1985-04-01,357396.5497646172,195859.43616094568,60.375104749094376,1.2464569447558365,5.922698278965435,6.128020162404543,7.8664759729570815,86.03159907418807,6.5985257011345855,7.015567180648139,7.2842556000738155,7.463770974123446,7.588183920188069,7.677524540713186,7.74384417109791,7.794577297113029,7.834432955509394,7.866475972957082,7.962949041364616,8.011226696260865,8.040193246648391,8.059504253100421,8.083643008701102
1985-07-01,362693.3298642653,200226.04377119604,60.67066290325154,1.4820941398315632,5.784566347222679,6.020941912327627,7.46835839594925,85.92978654509547,6.416974731556202,6.766007678417574,6.989511895060862,7.138049818882224,7.24054506201016,7.313895346200943,7.3682065421364324,7.4096783855206665,7.4422182838290265,7.46835839594925,7.546989007928692,7.5863224192942225,7.609921867561445,7.625654791941771,7.645320944309492
1985-10-01,368476.7348126714,202974.50457108204,60.92773066594092,1.5343856406909997,5.746777356273258,5.93706360514466,7.335111911376204,86.01655200774981,6.320463827720952,6.657960679651729,6.8738004278477005,7.017083734452591,7.115861139658168,7.186499028348986,7.238773267532553,7.27867414575341,7.30997309238154,7.335111911376204,7.410715957965651,7.44853218261315,7.471221224536528,7.486347208980953,7.505254686319671
1986-01-01,371289.376829276,204081.24975830875,61.12458881427456,1.5698663979922047,5.508429695789244,5.657670816314151,7.122245180464992,85.98486901202648,6.058094086954797,6.411136396710589,6.637304394779307,6.787668557671935,6.89145593314648,6.965748908771234,7.0207680478077314,7.062785879195044,7.095757069517765,7.122245180464992,7.201927673435809,7.241788382137897,7.265704241585489,7.28164810757758,7.301577936997936
1986-04-01,374986.8208095186,206209.1262844186,61.30760717920466,1.5327085836866454,5.483219631594068,5.682692746799745,7.286130626251735,85.97586049206377,6.118649165943256,6.504140368479769,6.7518670929948685,6.917011518332184,7.031256481477817,7.113178921950668,7.173927642066358,7.220364306729172,7.256826063682984,7.286130626251735,7.374326285629786,7.418454558827307,7.444931222257182,7.462582297579891,7.484646138970469
1986-07-01,380440.52459740615,208694.968494735,61.53945534008683,1.421825108156611,5.300459400243801,5.473386707400025,7.10355112804707,86.04352778047098,5.9161820586791105,6.307918578192925,6.559794630119422,6.727783757265162,6.84404145317999,6.927432308204474,6.989283779351717,7.036570920320821,7.073704493573231,7.10355112804707,7.193385284709234,7.238334920076958,7.265304451867371,7.283284107381963,7.305758674071473
1986-10-01,385501.24939141446,212404.33993794877,61.714326448910384,1.282768061135699,5.22524695848864,5.414976730328724,7.013485872946127,86.07396372553372,5.849671957592604,6.2340114389391195,6.480972971179541,6.645592794905136,6.75946658281843,6.8411182277238245,6.901663585586654,6.947943410878928,6.98428127579176,7.013485872946127,7.10137937119309,7.145356174061799,7.171741945878523,7.189332426555518,7.21132052462806
1987-01-01,390967.7350989221,214641.26570523667,61.91501655392217,1.2848523224743615,5.268193111490696,5.465745478400143,7.189612094383546,86.08971850273002,5.9325178549958535,6.346150208582381,6.61257363814296,6.790536177208392,6.913850434528701,7.002389492837235,7.068107165443614,7.118376042672541,7.157864977270886,7.189612094383546,7.285190757656331,7.333020056275373,7.361717565025361,7.380849209684334,7.404763763011445
1987-04-01,395448.9428646595,216433.2660351956,62.162178440132514,1.3842818353237347,5.144759249098584,5.293589682618118,6.67747580578829,86.0657403935753,5.673366009077759,6.007553516875176,6.221194569252153,6.362970490839582,6.460681364849711,6.530541152268897,6.582231052391678,6.621681269935902,6.652624226414206,6.67747580578829,6.752211625609679,6.7895926169312775,6.812020491803666,6.826972364199927,6.845662201447136
1987-07-01,401938.9657541627,219939.27808648007,62.44981256231903,1.4684715810660176,4.96402598833576,5.11555623815614,6.803619375778842,85.99451329091849,5.573167026765613,5.978433012642208,6.239297909465564,6.41344962172414,6.534067576757451,6.620639513759859,6.684879916172264,6.734009476128286,6.7725984304361155,6.803619375778842,6.897003071074751,6.943732054375304,6.971769305535191,6.990460776746205,7.013825113184224
1987-10-01,408228.3121469437,224680.6267995081,62.71306544710004,1.605370702686435,4.824874827197956,5.0393368322637215,6.781018647378313,86.01763600815131,5.510667858515995,5.928463173735905,6.1976524342192,6.377511175595889,6.502167066867983,6.591684931130252,6.658137668146045,6.708973450184777,6.748910199599554,6.781018647378313,6.877689489215445,6.926066285938122,6.955092327584468,6.974442995030799,6.998631326881487
1988-01-01,413497.5551782973,228864.692437824,62.8405986008782,1.4838595103463208,4.651773558107918,4.836091997222828,6.338995481618746,86.03834114358921,5.246323130776197,5.608321986897063,5.840440626619221,5.994884438909083,6.101558318692908,6.177957179905638,6.234557798437755,6.277795316591546,6.311729973436316,6.338995481618746,6.421027779563041,6.462066421809044,6.486689114606981,6.50310420467528,6.523623064275619
1988-04-01,419890.25414959865,231087.4807062768,63.09109372509206,1.483286304657247,4.672825224603368,4.795882894348751,6.434844573424379,86.00605889746497,5.240929335768274,5.634721552164702,5.887963388959374,6.056888872844222,6.173809076121639,6.257683271739906,6.319897722358984,6.367464804522095,6.4048195115737565,6.434844573424379,6.525218054795179,6.570438048202202,6.597569811622487,6.615657621979915,6.638267382242417
1988-07-01,425221.4774339255,233760.85427707885,63.33155089685594,1.402040419941688,4.72102075061237,4.944566071710614,6.445731558889507,86.00653820939557,5.354352477121561,5.715945207232825,5.947794020813213,6.102052845311718,6.208595839324505,6.284899211173851,6.341428119034171,6.38461033166067,6.418501301039531,6.445731558889507,6.527657307179692,6.568642537158257,6.59323317927546,6.609626902139717,6.630119052731161
1988-10-01,428566.82723128016,235981.3994146256,63.58922622869126,1.3874250809278073,4.521744213573182,4.729915306231409,6.232309608965429,86.0411876565938,5.140016147622954,5.5018960208625565,5.733935609524134,5.888325225875067,5.994960760008069,6.071331645668097,6.127911255099229,6.171132570373049,6.2050544280854165,6.232309608965429,6.3143106910197195,6.355333685054762,6.379946987953382,6.3963558180643245,6.416866852716843
1989-01-01,433174.41963817226,239493.78576698064,63.90555014479692,1.6804875201965055,4.372021385697526,4.550605140976431,6.139395185195221,85.9970358676987,4.982813392694841,5.364881766463689,5.610334397080623,5.773919745877756,5.887061604145115,5.968179260555213,6.028323603348168,6.074294153195999,6.110387712320656,6.13939518519522,6.2266928444140826,6.270370959184889,6.296577499575492,6.314048492167837,6.33588723011308
1989-04-01,435731.20368394064,239862.55628935577,64.0464618019888,1.5029171447588805,4.323254010475015,4.483749104143268,6.266002538843465,85.96353565318131,4.965461816186878,5.392737693172911,5.668225746008077,5.852402822434695,5.98011409702943,6.0718610546917,6.139987797895698,6.192114626198649,6.233071211105763,6.266002538843465,6.365160664314417,6.414784311247462,6.4445585405280985,6.4644080016810745,6.48921982575475
1989-07-01,440374.7253112237,241808.3096095723,64.25859300244724,1.453181869877104,4.121952082350278,4.347026319239708,6.10569074989903,85.9792763467082,4.8227029491504325,5.244466672268932,5.516292504079685,5.69795882978984,5.823893654484858,5.914344580740022,5.981498029332137,6.032874222194485,6.073237858045203,6.10569074989903,6.203402727932728,6.252301435734647,6.281640656472147,6.301200110795675,6.325649426280398
1989-10-01,443501.3884154679,245007.56470540492,64.52860654490703,1.4664580726836536,4.085133831865118,4.295614350541931,5.851539909361103,86.03169551888669,4.719413059713169,5.093801834123518,5.334152214167326,5.4942395547348495,5.604906441541301,5.68421845133815,5.743006788319826,5.787931543803665,5.8231989991397555,5.851539909361103,5.936822778500019,5.979490899315624,6.005091380548756,6.022158332122849,6.043492018722635
1990-01-01,446175.2131685475,245817.58943262912,64.5004655757112,0.9266227666007671,4.004973873650787,4.27645194213131,5.995479895057234,86.00014966456,4.741986175413395,5.154487855774391,5.420160077121667,5.597607601788135,5.720557467187176,5.808830678778315,5.874348705622864,5.924463609756115,5.963830916468469,5.995479895057234,6.090761919261741,6.138442515706387,6.167050793907951,6.186122951302026,6.209963145537318
1990-04-01,447948.3530965716,247889.71897567928,64.62035175304172,0.8920618159651362,3.8956949674089474,4.108300625370696,5.69925261510741,86.01701049884342,4.541062087419242,4.9236356531973575,5.169423928435643,5.333239388951299,5.4465440598533865,5.527780498272543,5.588014044065342,5.634053390074452,5.670201293314385,5.69925261510741,5.786682814554117,5.830427370404953,5.856673779573758,5.874171351455503,5.896043313517278
1990-07-01,452107.0671929372,248841.20524677905,64.6867035587949,0.6640213188070185,3.839540306084504,4.051171400322365,5.814909408754612,86.0335039621101,4.528146284796609,4.95109557477053,5.223709085584466,5.40591542938976,5.532232337054891,5.622962016755038,5.690324803812685,5.741862445088896,5.782353613799746,5.814909408754612,5.91293242753769,5.9619870569315525,5.991419840316787,6.011041669982713,6.035568954656649
1990-10-01,454286.24798988353,248636.6576735292,64.77635269688062,0.3831971435357721,3.7172322613118025,3.9122244234085457,5.507902396346453,85.98125792685512,4.3461951956387175,4.729873104208721,4.9763950939781685,5.140713575549221,5.254374152634091,5.335870246893213,5.396298789218193,5.442488522690732,5.478755221420073,5.507902396346453,5.595622326910383,5.63951212204939,5.665845683819622,5.683401357662851,5.705345947186926
1991-01-01,456028.59776242194,249446.8544751756,64.79720057957537,0.4589959488806832,4.0334163009054,4.257919576921424,5.846522083510014,86.0378124081815,4.690079840495148,5.072104391461143,5.3175279066372125,5.481093294428846,5.594221029539341,5.675328382222399,5.735464987114904,5.781429569250345,5.817518414303112,5.846522083510014,5.933808245547272,5.977480596896847,6.003683678876442,6.02115236585243,6.042988221776814
1991-04-01,457875.8871483677,253500.26530643,64.88540566688484,0.4093320470241358,3.840581385888462,4.059333941925907,5.677128833152745,86.01894213017292,4.498964111012638,4.8878101842271935,5.137765851951531,5.304438399355275,5.41976456593296,5.502475811992523,5.563816909903348,5.610710434967759,5.6475330794168555,5.677128833152745,5.766204663467595,5.810774157482391,5.837515580830283,5.855343163455206,5.877627639005287
1991-07-01,461011.2611474414,255310.41855372183,64.98614399908703,0.4618406677707644,3.794890770420528,4.032442520677484,5.912776138357281,85.93825934565443,4.539252521230926,4.989447257317686,5.280162375592485,5.474778845274542,5.609876380472585,5.707012077622797,5.7791856603398575,5.834433538655677,5.877855532947952,5.912776138357281,6.017947167341058,6.070585022186681,6.102167963587363,6.123223237535502,6.149542327819932
1991-10-01,464057.57805999776,255048.45776743224,65.04626178042535,0.4158127203427967,3.7064468473812,3.890807159822081,5.591575404865679,86.07211523955931,4.351669000140511,4.7599038484110485,5.022741228321592,5.198245238350116,5.31981999455929,5.407089977914974,5.471854599687158,5.521388454114039,5.560296772539301,5.591575404865679,5.68573799945318,5.732857437116222,5.761128985165456,5.77997665491349,5.803536239550867
1992-01-01,467369.3702087536,256659.4573734144,65.1065095375354,0.4762135619093334,3.451492524017429,3.638430299829111,5.1807660710222825,85.97496276281215,4.0587515805283,4.429964765147243,4.668205314446396,4.826846194240949,4.936489656030238,5.01505501321095,5.073282628466092,5.117774937704864,5.152700791007419,5.1807660710222825,5.265215804666623,5.3074662830579555,5.332816152874579,5.349716029517681,5.370840872423686
1992-04-01,470959.2010157397,260546.212483928,65.16856980770073,0.4354570281079971,3.330615217214272,3.516242122086913,5.227515004241858,85.91724523284074,3.9797919458517987,4.390481462237192,4.654949699593702,4.8315717951975135,4.953937638707817,5.041784769771516,5.1069828183506365,5.15685094517379,5.196023315216161,5.227515004241858,5.3223215960923005,5.3697638630908715,5.3982291288094935,5.417205944175455,5.440926960858463
1992-07-01,477289.1938905646,261349.1885185012,65.1752493452321,0.2905707665533656,3.316789216816012,3.540513268451382,5.080605963107578,85.94774781452068,3.9602605785758036,4.330949612917481,4.568841921907766,4.727244054614373,4.8367185939225665,4.915160711578819,4.9732957763259495,5.017716707699775,5.052586177523242,5.080605963107578,5.164918182705971,5.207099726692404,5.23240823158091,5.249280531497433,5.2703709034902575
1992-10-01,480320.0407887335,263232.2505774004,65.21693269212757,0.2620402640250515,3.115432800665247,3.360384033874149,4.866457782375126,85.94894774196608,3.7714263917796753,4.134166058471327,4.366776885478644,4.521558132229893,4.628470759497152,4.705043801944574,4.761775227227426,4.805113627664727,4.839127974398325,4.866457782375126,4.948684436524668,4.989820507576981,5.014501663715181,5.030955729496063,5.05152330874414
1993-01-01,483531.9263503676,266627.79266977904,65.2583982793825,0.2330210071387224,3.070191069603328,3.256425854808849,4.961051205592539,86.00260866593288,3.7182746722375484,4.12741082860426,4.3908470287833605,4.56676157886621,4.688626807496064,4.776108708666125,4.841032476633196,4.890689069614941,4.929694342841901,4.961051205592538,5.055450263897268,5.102688238437876,5.131030915982269,5.149926005579169,5.173544865036155
1993-04-01,486642.8603615615,267231.4365565213,65.3261419677143,0.2414998040191051,2.852873214405391,3.0401300025715985,4.655981773182506,85.9863074747227,3.479262955429467,3.8676549704820227,4.117308966412151,4.28377469323669,4.398954526530556,4.481559013299151,4.542819937039738,4.589651629260457,4.626425430124057,4.655981773182506,4.744938478548541,4.789448256427439,4.816153846381654,4.833957539984044,4.856212154251663
1993-07-01,492187.0084382741,270697.30868209345,65.42419608545632,0.3812375173928308,2.822752278813536,3.03217459552963,4.6506098702647165,85.98315840161797,3.4719686294173364,3.8609643440676034,4.111019432095721,4.277760140213218,4.393134533041448,4.475880963169734,4.537248483638165,4.58416238661069,4.6210011281699614,4.6506098702647165,4.739724959929717,4.784314134260954,4.8110673670221,4.828902822619979,4.851197139387669
1993-10-01,498846.0346318698,274186.0054169954,65.42132389142532,0.3129119622624766,2.6315742908402724,2.8242014458398854,4.432972813026802,86.03098509827413,3.2615226267158963,3.6482601304949105,3.896814885344926,4.0625269929009775,4.177173612417326,4.25938908635619,4.320357868958026,4.366964252736956,4.403560075822354,4.432972813026802,4.521495447193875,4.565787629556773,4.5923626486749765,4.610079294712974,4.632225099509451
1994-01-01,503961.4851479254,277553.34369203844,65.46427028224528,0.3149754749224352,2.512911441166134,2.7414730507603315,4.346569753826678,86.01699376805963,3.1778539386759403,3.5637327663527762,3.8117170252133596,3.9770380113147925,4.09140789779497,4.173421477660538,4.234238641703878,4.280728092478072,4.317231546736915,4.346569753826678,4.434867109042104,4.479046361337665,4.5055536153953835,4.523225084549734,4.545314418233531
1994-04-01,508220.2266728553,281099.2465087502,65.58621873316778,0.397330101170346,2.453235901083495,2.585682582364924,4.29573249082711,86.01580239353221,3.048919464996599,3.459323203349195,3.7236015725806184,3.900093498124262,4.022367241455596,4.110147179673293,4.175294767719888,4.2251239777920375,4.26426560634588,4.29573249082711,4.39046410705465,4.437868789529318,4.466311502197228,4.485273282137254,4.50897550453514
1994-07-01,512678.6571404319,282075.4500261496,65.59883275490591,0.2665741654911316,2.231911476127792,2.4071103247202847,3.83821478285725,86.02049142286643,2.798969134507489,3.1441903734134615,3.3651621286362867,3.5119638439428,3.6132306547051223,3.6856847205856713,3.7393228738405284,3.7802756455244237,3.8124055137992023,3.83821478285725,3.9158453698330855,3.9546774787459453,3.9779761143790524,3.993508496219113,4.012923970375445
1994-10-01,519542.63550370047,286485.4162896362,65.6075784813912,0.2842956203427383,2.077943895203752,2.254471405184909,3.9446011620647057,86.03080673340011,2.712611011524524,3.118359914073267,3.3795456560022354,3.553917333706213,3.6746909225070903,3.761376404085568,3.825702076286568,3.87489739898755,3.9135383012257083,3.9446011620647052,4.038111553516893,4.084904048323316,4.112979410334797,4.131696288879557,4.155092384489329
1995-01-01,526644.6349696,287288.8957813523,65.6667654610872,0.3088442620040461,1.9775717895985825,2.107961109226998,3.679369847615552,85.89460233291113,2.5357217382570436,2.9137285402872597,3.156482702434183,3.3182180313665217,3.430050931487723,3.510213620989787,3.5696408020372634,3.6150582541732312,3.650714905115029,3.679369847615552,3.765601928531957,3.808745879642246,3.8346318886312742,3.8518891927869734,3.87346082014799
1995-04-01,533446.6443103798,293338.4848716464,65.75766442364795,0.2610639852160221,1.897616697532157,2.068707544201093,3.553386783976216,85.95677808738677,2.474275359322267,2.832015670220311,3.0613049742194063,3.21380904648636,3.3191104877614226,3.394508069167748,3.4503567458601703,3.4930143427986837,3.526490902784734,3.553386783976216,3.634301826414149,3.6747803997382955,3.6990670163675015,3.715258054780529,3.7354968497714944
1995-07-01,538227.7550277811,295028.47739592026,65.80756510918835,0.3176900565440139,1.6717120463909745,1.8442573629155965,3.4658709220051063,85.84098949677553,2.2848646734203113,2.6746030727708727,2.9251515932374326,3.0922305894702813,3.207844333774009,3.2907653857870054,3.3522640439258446,3.3992790843975453,3.4361977174480245,3.4658709220051063,3.555180859564746,3.5998677091812294,3.626679553185322,3.644554083097958,3.6668972427661206
1995-10-01,544289.3102025718,297903.2212096536,65.92261297743774,0.4790308521235621,1.656873545132556,1.8508404054969911,3.4652716454640013,85.92680299633989,2.2896098652788486,2.6776699382337585,2.9271033950864034,3.0934179244154594,3.2084907798345697,3.291017219546746,3.352219531451949,3.3990060203803236,3.435744113831121,3.465271645464001,3.5541412637810588,3.5986073858002636,3.625286779524879,3.6430730089059113,3.665305792893694
1996-01-01,549933.8180505489,301403.0272024374,66.01448046303261,0.5281174364287122,1.4730614341191128,1.706450410868921,3.203710817661885,85.89976835138879,2.115237563157348,2.475917774710599,2.7071603199014187,2.861003498052167,2.9672524067509682,3.0433412249541045,3.0997090071606226,3.142766954611238,3.1765597632654674,3.203710817661885,3.285397161101293,3.326262379841696,3.350781007755732,3.3671267209634768,3.3875588594756487
1996-04-01,555453.0944749536,305091.17690546805,66.1057335715661,0.5279250521590677,1.4323906330366782,1.625038813500957,3.315493818803476,85.92727661373948,2.083261646168812,2.48908655105102,2.750322788185711,2.924729084464893,3.045527167200611,3.132230518637868,3.1965696107584547,3.2457752833238342,3.2844243612248993,3.315493818803476,3.4090241499348544,3.4558266403014355,3.483908000270367,3.5026288774690637,3.5260299713969734
1996-07-01,561725.0693234308,310082.73194563505,66.18283050297426,0.5686268355913253,1.1302869847549764,1.2993625731468417,2.796069468117886,85.90938171963604,1.7080080898319658,2.0685589596663116,2.299715571486312,2.4534998353140542,2.5597070599290834,2.635765466983696,2.6921104110037035,2.735150744926015,2.768929640135152,2.796069468117886,2.8777218779625824,2.918570086134055,2.9430785066493024,2.959417414897912,2.9798410472099417
1996-10-01,566528.2374307796,309941.74269234703,66.34821191745735,0.6435287738345075,1.0856717112447916,1.2839630750083857,2.844977336367536,85.83513875241262,1.7090639089504671,2.0846417844919123,2.3257821916770363,2.4864111601795917,2.597461268978001,2.6770528632075727,2.7360511627105586,2.7811378478997195,2.816533216282252,2.844977336367536,2.9305721734947747,2.973396680717855,2.999091003516937,3.0162205163796316,3.0376324046014163
1997-01-01,571697.1814422365,314471.9784171155,66.38777578439506,0.5638820984770647,0.9156765924382948,1.1471518010815354,2.657189178944995,85.77498194613015,1.5592083939388555,1.9228742606041054,2.1561004457994626,2.311303570695477,2.4185146925058434,2.495305505408135,2.5522004721061022,2.5956650008304525,2.6297789800151006,2.657189178944995,2.7396588273487605,2.780916708970997,2.805670959023273,2.822173754270755,2.8428022453608417
1997-04-01,575397.3761385378,315856.2523784186,66.33782837331528,0.3504814215553214,0.8336885266818024,1.0044097621983552,2.6290297996478684,85.79925805562729,1.4457863866715737,1.8362273240051308,2.0872426038244956,2.2546416016005777,2.3704817589470886,2.4535679934481887,2.515190700452485,2.5623014113138516,2.5992956172246156,2.6290297996478684,2.7185240523641783,2.763303297310548,2.7901705842561526,2.80808207627433,2.8304714385810663
1997-07-01,579061.5248062167,318066.6777482922,66.46752542778393,0.4292417610698,0.7623832950554471,0.9350660485378036,2.590269723520171,85.72360411813378,1.384268579850957,1.781856140060911,2.0376195661005134,2.2082738047385915,2.3264171665669062,2.411183732917433,2.4740683367602263,2.5221522621835533,2.55991523895827,2.590269723520171,2.681638936661406,2.727358080366592,2.7547893649945037,2.7730768569378386,2.795936219218625
1997-10-01,582932.1145223164,321901.2329336952,66.49456495889036,0.2203403212220817,0.6160386687275122,0.832795137505739,2.315249373765158,85.72493036742783,1.2377936066747282,1.595013990503655,1.8239578600520001,1.9762251088752207,2.08135898871931,2.156634323572441,2.2123911954591367,2.2549779896417785,2.2883986204443487,2.315249373765158,2.396028010141752,2.4364382044825117,2.460683789471036,2.4768474733499772,2.4970520751684164
1998-01-01,582795.2102873219,321228.0531489496,66.45008901343883,0.0938184812127625,0.4873311215525993,0.6806850380806753,2.359759389298222,85.74930681584804,1.13599572733358,1.5391612610816432,1.7986306380899242,1.9718256078820633,2.0917666318893615,2.1778447053326015,2.2417142257289475,2.2905577498001124,2.3289207559327734,2.359759389298222,2.4525920180717247,2.499044757280109,2.5269162448125075,2.5454972065063988,2.5687234060281456
1998-04-01,584340.8668533792,323111.37574934383,66.46551805731855,0.1922989544822906,0.367040756430997,0.5864652971522811,2.173340993264467,85.64711143270053,1.018183695107371,1.3998047341222242,1.644960159911353,1.8083417505984833,1.921339442393358,2.002351920336998,2.0624172761284583,2.1083269087145013,2.1443723474987895,2.1733409932644667,2.260521291461915,2.304140574335847,2.330311811931155,2.3477592692346034,2.369568588064496
1998-07-01,585386.6732658333,321763.7515264302,66.33592416592059,-0.1981895882109143,0.2601694120309972,0.4597600082771383,1.8709747866998057,85.69028393196213,0.8465293390789528,1.187102862686256,1.4049867214005076,1.5496714322117753,1.6494403832309457,1.7208016666632682,1.7736191613577033,1.8139390153283315,1.8455689232487773,1.8709747866998054,1.9473860170085773,1.9856068747170426,2.008538721630245,2.0238265767008548,2.0429363923514074
1998-10-01,585977.0615869962,321391.45738369814,66.22399487786444,-0.4077356719471128,0.0745731979028446,0.2956231073455316,1.6787140538631415,85.65887006843461,0.6751959596959343,1.0091976548132908,1.22271525506613,1.3644065401701084,1.4620575307073171,1.53187362938432,1.5835307201036135,1.6229556340031424,1.6538786023867826,1.6787140538631415,1.7534011245861676,1.790757678476216,1.8131708893705671,1.8281129857432428,1.846790602959212
1999-01-01,587130.640581316,322632.8261259386,66.09492056552769,-0.5359225505567543,0.1353424820449525,0.3042901386237333,1.9341105527520213,85.55226040914346,0.7469974636513559,1.1386535975389034,1.390476242042885,1.558428754051678,1.6746605433896662,1.7580324979446016,1.81986977520343,1.8671459693990151,1.9042708954724124,1.9341105527520215,2.023923619751195,2.068862683083475,2.0958258709954314,2.113801297241181,2.1362705773438773
1999-04-01,591425.9979675853,325599.97355252976,66.00604290424751,-0.6936990736732007,0.1331332985192742,0.3327707589956262,1.9110365667406388,85.62369470641087,0.762286012076554,1.141895137855058,1.3857138682016203,1.5481790453195687,1.660528340289383,1.741067772159683,1.8007778794657834,1.8464135332379334,1.8822425480827387,1.9110365667406386,1.9976890271380823,2.0410437102442085,2.067056171530492,2.0843977775473435,2.1060747822499577
1999-07-01,591639.6433741207,325631.7141957054,65.97830820505314,-0.5405568626425068,0.119251896882805,0.3129311964519103,1.908909885525342,85.58492831726858,0.7469789175557842,1.1307270958839593,1.37729577219227,1.5416462611872648,1.6553294847199402,1.7368421009803994,1.7972830510099984,1.8434823536948906,1.8797566114270834,1.908909885525342,1.9966482517921091,2.0405472885630913,2.066886395886998,2.0844457667804654,2.106394977618003
1999-10-01,595290.3819611372,325992.6288949098,65.95476744480447,-0.4073692333735885,0.1278266721375631,0.2913499444144392,1.9250284264845412,85.53009629436863,0.7350444927657209,1.1276021595916588,1.3800237737471628,1.5483869282244673,1.6649092624449977,1.748493187679775,1.810489650834436,1.8578886142035038,1.8951105192651467,1.925028426484541,2.0150780161896815,2.0601356459699858,2.0871699811212143,2.1051928390452863,2.1277214087544127
2000-01-01,594461.5457752493,327072.21552682365,65.91897728288518,-0.2665528246400329,0.1148209000404329,0.2679165616043724,1.9373768839914511,85.46188382709862,0.7207671610820543,1.1216861393541593,1.3796629269147787,1.5518346051032386,1.6710516120845453,1.7566014697840635,1.8200743103357264,1.8686119024245733,1.906733243868326,1.9373768839914514,2.0296201151316,2.0757773952483287,2.103471588959082,2.121934354309689,2.1450128083810793
2000-04-01,596344.0789062248,328288.80586419883,65.79979985100505,-0.3129500441800536,0.2017536651365533,0.4223261361947932,2.0965186261213837,85.43203969907121,0.8763876283360899,1.2784123945235952,1.5371238567412802,1.7097992142296232,1.8293725931262699,1.9151824464468103,1.9788505386996786,2.027538715046338,2.0657790074331825,2.0965186261213837,2.1890519675157876,2.235354676978261,2.2631361373367995,2.2816570806800924,2.3048082572528
2000-07-01,599481.0370013684,333051.5350794232,65.63664934398186,-0.5191805473787765,0.0956452914473745,0.2851167199808351,1.7845348013556186,85.42311687115485,0.6944559897291314,1.0556403952818603,1.2872179220261055,1.4412907573083207,1.5477021570045315,1.6239095225621685,1.6803663315474793,1.7234929392521516,1.7573399846645368,1.7845348013556186,1.8663534231888712,1.9072849517545594,1.9318433696857902,1.9482156096753933,1.9686809066696582
2000-10-01,603791.4741395321,334587.7826290153,65.59011405156784,-0.5544181166854556,0.0846458390832711,0.2539774306338513,1.7674486797931916,85.45212972316459,0.666912701079245,1.0313809766512636,1.265140274462699,1.4207088914668768,1.528178612593629,1.6051580898854692,1.6621947399043768,1.7057685392655324,1.7399688345464919,1.7674486797931919,1.8501288451041482,1.8914922567296573,1.9163098313439688,1.9328548431312216,1.9535361049036124
2001-01-01,608772.6173021329,333684.13877187204,65.51775352741853,-0.6105218826579722,0.0623236209821311,0.2594382528744312,1.752991235193393,85.35221874162994,0.6672767293057602,1.0270906094904835,1.2577575726079102,1.4112061423793385,1.5171758509125188,1.5930609751169829,1.6492757870557335,1.6922157590208757,1.7259153753622922,1.752991235193393,1.8344502912749876,1.8752015731542906,1.899651831868998,1.9159519654322923,1.936327129380706
2001-04-01,614361.8627076151,337510.82142805064,65.49119403987466,-0.4701105084872989,0.0483868664711081,0.2822274321915872,1.8772785331879789,85.39687561243099,0.7160377970336707,1.0995692214795083,1.3459938886320344,1.510245647624483,1.6238590159931345,1.7053206685385247,1.7657233458001906,1.8118931313217594,1.8481440725767475,1.8772785331879787,1.964960032741844,2.0088305628029435,2.0351525643288553,2.0527005313123996,2.074635487260483
2001-07-01,618283.2344715372,338070.9862454758,65.47655611630462,-0.2442062287732553,0.0377764106199462,0.1693542752587885,1.962271148484591,85.28791222355608,0.653795605714945,1.0835632586915305,1.360706823081713,1.546018887482886,1.674533208457478,1.7668660387243311,1.835432760964455,1.8878989149490728,1.9291235432123521,1.962271148484591,2.062083006697689,2.112034363263839,2.1420052386957855,2.1619857977956043,2.186961494326404
2001-10-01,622387.7464036449,341505.3879539969,65.43425105163487,-0.2379146402731329,0.055560134338454,0.2106609736413543,1.8124261905145032,85.31479657077806,0.6461893828235721,1.0312897264036385,1.278756768057504,1.4437231596482079,1.5578421572691707,1.6396726980063705,1.700352403191516,1.7467358413675453,1.783155553150817,1.8124261905145032,1.9005193056436498,1.944596174442983,1.9710419920384892,1.9886725033912058,2.0107106398155965
2002-01-01,629330.391401515,346568.9548076984,65.42248047649807,-0.1455214563470687,0.0964659809173964,0.2687793876605384,1.646295996501431,85.3054823877287,0.6469258482906799,0.9796249616233028,1.1922771393003742,1.3333751067597683,1.43060630290508,1.5001161352941836,1.551543225933094,1.590790756531031,1.6215736046171072,1.646295996501431,1.7206413268893583,1.7578265697946378,1.7801369834489065,1.7950105480602112,1.8136025005621454
2002-04-01,634613.2935591553,350724.92985050485,65.38467122828162,-0.1627845361671844,0.1167147564248857,0.3605501224264956,1.7463154701638484,85.39725650725295,0.7408073150479282,1.0754339501161703,1.2893667543495455,1.4313426955910593,1.5291950909764922,1.5991581270981614,1.6509255650068775,1.6904355821322337,1.721425776062019,1.7463154701638484,1.8211664977230095,1.8586052415221004,1.8810677714710562,1.896042747342038,1.914761463936802
2002-07-01,638050.2718952859,349905.7177046798,65.36163036537103,-0.1756762052136697,0.1025571029276081,0.311034712415187,1.8192534306480068,85.18113421722398,0.7226259367947498,1.0858668286836426,1.3188106648012672,1.4738202164136145,1.5808943778964955,1.6575852696662097,1.714405197519117,1.7578118539241956,1.7918801180583046,1.8192534306480066,1.9016115843078851,1.9428135747390323,1.9675342866022856,1.9840147229696545,2.00461526545558
2002-10-01,641884.2023524403,352113.7689907293,65.27811859407684,-0.238894807333312,0.0617232361285143,0.2847427533423511,1.8059503473789928,85.2986007283245,0.6996576416218345,1.0659337054015319,1.300894079986394,1.4572861329190168,1.565338465717616,1.6427429946953946,1.7000988503395882,1.7439188311264442,1.7783135923707398,1.805950347378993,1.889104797034411,1.930705962620355,1.95566620439045,1.972306327986811,1.9931064795376876
2003-01-01,646169.5250755564,352353.7826475694,65.22039202311258,-0.3093756447738605,0.1450092282009981,0.3108044006272113,1.9041703654755255,85.20749212069937,0.744183563703537,1.1273212144351539,1.3734842621899388,1.5375566597823134,1.6510431232618872,1.732412190746485,1.7927453384116334,1.8388615005198188,1.8750700830602476,1.9041703654755255,1.9917485560758739,2.035567298400073,2.061858224064558,2.0793854737261395,2.1012945330180446
2003-04-01,653174.1555864098,359012.1134161142,65.18111392182287,-0.3118082905832188,0.1369706336150473,0.3033845573569316,1.940828745913139,85.19555859590079,0.7480426950822747,1.1414803123094848,1.3944865568903044,1.563250523128953,1.6800564466395616,1.7638472680140607,1.8259991061827112,1.8735178996532318,1.910834462043507,1.940828745913139,2.0311091960130168,2.07628255378181,2.103386332920142,2.12145548701665,2.1440419269496456
2003-07-01,659379.2105383883,361120.6611471886,65.17234089685952,-0.2900235078470223,0.0920175846288991,0.3054519961305804,1.8608429515466545,85.15591739566942,0.7291139080871494,1.1033777591980283,1.3436451414256017,1.5036755802318205,1.6143022069170656,1.6935848444352237,1.7523511234016125,1.7972588670497525,1.8325128842354728,1.8608429515466547,1.9460930462903494,1.9887447376320404,2.0143353601595178,2.0313957392374733,2.0527212102159043
2003-10-01,666475.0574762098,365785.8150467631,65.10425145910557,-0.2667036010486241,0.0673541927667644,0.2691024226948278,1.9722881538211048,85.14723634090976,0.7305828624473356,1.1393826160965508,1.4025953136060432,1.57835663440969,1.7001134476019268,1.7875162529234712,1.8523806214325031,1.9019914036825203,1.940960489662407,1.972288153821105,2.0665989548058317,2.1137926868416783,2.1421088161329633,2.1609862068252492,2.184582942648286
2004-01-01,671046.7920387317,367783.4910363113,65.08087512132303,-0.2141452008313562,0.12742139604149,0.3438835606074138,1.8598196654733528,85.0923157447819,0.7574495516828506,1.1224938017170587,1.3566357713180792,1.5124667409938914,1.6201220864337864,1.6972369882820935,1.7543753395332422,1.7980275740859024,1.832289827636183,1.859819665473353,1.9426509412236108,1.9840901029889388,2.0089531323960053,2.0255284474969244,2.0462475884168456
2004-04-01,676421.5639363284,371891.61191334913,65.01911801915718,-0.2488413174742815,0.1093986793743052,0.3037685496464516,1.823166883426751,85.14770250907287,0.7182204746109884,1.0840737600104668,1.3187532447816712,1.4749527248749743,1.5828688051978277,1.6601739294651838,1.7174551340874036,1.7612175416563596,1.7955668241191047,1.823166883426751,1.9062104145763046,1.9477559778334712,1.972682854749887,1.9893007350234826,2.0100730824169037
2004-07-01,682320.7455416649,372647.1280043816,64.96464464640366,-0.3191966156801977,0.0275936370292476,0.2359379488228864,1.8754811908812936,85.02717644278876,0.6811332037287023,1.0750613166911396,1.3283934418328258,1.4973808257314745,1.6143448255804067,1.6982509735392468,1.7604894197503653,1.808075008069356,1.8454443336789388,1.8754811908812934,1.9658903255512195,2.011128191597659,2.038270679712613,2.0563656398944463,2.0789843374387385
2004-10-01,685829.0134182987,374998.9265164599,64.95633875127342,-0.2274520996115493,0.0966009872007797,0.301344559747933,1.743036780208168,85.08161172860896,0.6959126235111002,1.0436079547923847,1.266223472749515,1.4141521212573123,1.516216279346584,1.589252060015861,1.643327069867261,1.684616759109132,1.7170127684922019,1.743036780208168,1.821316460521032,1.8604739533799832,1.883967839607619,1.8996303890196973,1.9192085726644557
2005-01-01,690404.4422132209,382970.3464233804,64.81068860728946,-0.4160191716205194,0.113101790603719,0.3364348122762668,1.9520709611357197,84.96778164398935,0.7755125906723748,1.1638542203729614,1.4134747407688895,1.5799175173889177,1.6950811125559813,1.777673752594573,1.8389257796692167,1.885750610501124,1.9225189913514897,1.9520709611357197,2.0410144475950656,2.0855175989693064,2.1122192126088026,2.1300202553243475,2.1522715559829337
2005-04-01,692143.6957302671,378723.6925394502,64.69915771799865,-0.4933166868324731,0.0550152606756123,0.2792255091339464,1.865270579048239,84.97198740767993,0.7107313619581135,1.0921583046303973,1.3371847747111765,1.500477955759737,1.6134130944335308,1.6943799359595344,1.7544110196807752,1.8002942205674999,1.8363187801735315,1.8652705790482393,1.9523999548775655,1.9959937108817263,2.0221496307683418,2.0395868762260636,2.061383430246962
2005-07-01,693990.1257340334,380023.6886336995,64.57882328400696,-0.5956649290910748,0.1094921696418721,0.260896009810119,1.8947479206500557,84.8964018723855,0.7046349360544697,1.0972331287992945,1.3496816679782555,1.5180632817515678,1.6345986766134142,1.718192130403624,1.780195749319797,1.8276002314373816,1.86482649592112,1.8947479206500557,1.9848081425790327,2.0298711021859583,2.056908635564479,2.074933625648416,2.0974648605577575
2005-10-01,695320.575785094,385246.60153092846,64.41756420423542,-0.8329000662315031,0.0272588757371105,0.1598408190768849,1.986086486452037,84.94775118601737,0.6528105019182016,1.0903662514694534,1.3726841509201828,1.561543643336728,1.6925679021163125,1.786731889133306,1.8566737748059288,1.9102004981150384,1.9522629013436132,1.9860864864520371,2.087941599656416,2.138917219350853,2.1695027163311402,2.18989302473211,2.2153809079630196
2006-01-01,694528.8492736233,386455.5940321372,64.3365329314036,-0.7342903714140797,0.1668093050006085,0.3968616669301537,1.9045885604711368,84.97225629784633,0.808327040543412,1.1714530054361265,1.404320485183484,1.559277688286532,1.6663148112440485,1.742978681090908,1.7997783160004708,1.843169321848891,1.8772252231470603,1.9045885604711368,1.9869165623273848,2.028103437963344,2.052815080009902,2.0692894698091635,2.0898824540838676
2006-04-01,696893.762077301,381499.5648807592,64.3244436517543,-0.5808474043288921,0.1623974992529716,0.3980292520508297,2.1684273163053795,84.87113219100895,0.8767083476856374,1.3012139243258067,1.5748614167531219,1.7577766391485667,1.884595104890381,1.9756907026048638,2.043328287039943,2.0950778607032934,2.1357364410525728,2.1684273163053795,2.266858636458144,2.316117943212385,2.345673545737227,2.3653772551497343,2.3900068895216178
2006-07-01,696991.7560265488,382781.215214511,64.26248641995117,-0.4910498044993737,0.0873741332848517,0.2567554426994516,1.864830988362042,84.8401557150648,0.693898572994633,1.080473480875161,1.3289202086032506,1.4945582547708813,1.6091524730889863,1.6913297170734325,1.7522697897162003,1.7988540314710075,1.8354323639190078,1.864830988362042,1.9533109644960562,1.9975817628170347,2.0241439501807874,2.041852041682367,2.0639871533067837
2006-10-01,697919.633423137,384380.58910625847,64.22383404588747,-0.301194339365112,0.1181727168919536,0.2623776546955848,1.790471072394931,84.7692691518466,0.6790545248335917,1.04693963151598,1.2829690384408368,1.4400940000907845,1.5486648931784865,1.6264477443488936,1.6840877126693858,1.7281268100950797,1.7626946580299472,1.790471072394931,1.874047664342832,1.9158604456042185,1.9409476699342647,1.957672448901624,1.9785784196814693
2007-01-01,699751.304170105,387533.68807471485,64.22813160694454,-0.1686331941001643,-0.0204960982899937,0.1824749463402223,1.7864958598094889,84.78853536732238,0.6185805553863024,1.0042079982323964,1.2520252394743705,1.4172317213984775,1.5315205918968633,1.6134750655321373,1.6742478419355182,1.720703059564608,1.7571794720532534,1.7864958598094889,1.874727262669904,1.9188734537147902,1.9453608689669137,1.9630191121991496,1.9850919134779252
2007-04-01,701537.1579671446,384325.341886544,64.24391854782247,-0.1252642766596679,0.0421826169867333,0.2701077637772492,1.7345580969548566,84.69536028701393,0.6704992967006029,1.0235126235536984,1.249661365665825,1.4000123270322522,1.5037903619339776,1.5780765230261444,1.633090544479986,1.6751044290264698,1.7080725016233047,1.7345580969548566,1.8142329860830628,1.854089883055507,1.8780034552283642,1.8939457963646695,1.9138737197150173
2007-07-01,703910.7713733575,386771.2723471815,64.1924249879297,-0.1090833167854353,0.0853110539923935,0.339238889665423,1.810135469211044,84.70435610066406,0.7412799230279954,1.0957995746833988,1.3229491042360035,1.4739861868841488,1.578249678216937,1.6528900101650001,1.7081700071066568,1.7503890203213246,1.7835191300984743,1.8101354692110443,1.8902055519069338,1.930260555430759,1.9542930038493613,1.9703145961260622,1.9903415834161533
2007-10-01,704891.3165635825,388897.56487622974,64.20945039707881,-0.0223986312133694,0.046393348928657,0.2618822760917005,1.886096678930206,84.73633930230545,0.7031551045833784,1.0935012553635908,1.3444535599255822,1.5118093830348385,1.6276189926921465,1.7106829407416961,1.7722889110503441,1.8193867140452138,1.8563707236518256,1.886096678930206,1.9755660638118182,2.0203328427633562,2.047192649337137,2.0650991544212647,2.087482283059542
2008-01-01,705486.3369430562,388692.8597639256,64.16574474224792,-0.0971804440841207,0.1357198241315329,0.3245683232339621,1.9912780329965452,84.76595065988707,0.7767150810535373,1.1769913106962417,1.4345410623647994,1.6064199726769344,1.7254298354518778,1.8108285684856853,1.87418791732561,1.9226379810340413,1.9606901812305677,1.9912780329965452,2.0833526350843226,2.129425383157112,2.157068852386728,2.175497801284344,2.198533984783414
2008-04-01,707183.6989034526,388366.2492761719,64.0773821211626,-0.2595617707912572,0.1998648265373997,0.3730709078898538,1.9376480565119736,84.81546054306148,0.7990834327245322,1.1754938649424753,1.417187414626513,1.5781956073528924,1.6895140314523645,1.7693013784905238,1.828446684580553,1.8736467458768962,1.9091316733877814,1.9376480565119736,2.023461319999038,2.0663953221542593,2.092155348719169,2.1093286642636992,2.1307953058456537
2008-07-01,705904.3325844604,388039.61287222966,64.00080416579091,-0.2989564521017019,0.0411692640285349,0.2415128027786545,1.939909778533175,84.62067074574647,0.7017678698665029,1.1094486124545748,1.3719178499785236,1.5471694684242507,1.668565648162647,1.755705348804062,1.8203721307684109,1.869830528055833,1.9086792406628517,1.939909778533175,2.0339270000901095,2.0809735637184916,2.109201382816854,2.1280198998169753,2.1515430435142213
2008-10-01,705604.0857625738,385953.81466015,63.88184760496056,-0.511515632261783,0.0581268297957403,0.2491488886791826,1.973877605597854,84.69676500783227,0.7161418643321114,1.1299756691115894,1.3965329408710516,1.574587239662208,1.6979664204153726,1.7865528444323653,1.8523060877730457,1.9026023982719096,1.9421130032186604,1.973877605597854,2.0695091208289513,2.117364913601874,2.1460783204911498,2.165220563951093,2.189148365781321
2009-01-01,706056.5307213841,387961.30699060607,63.7914485178321,-0.5850351706743651,0.1117724184154965,0.281320381243632,2.055402594071825,84.61218762402008,0.7609421967720704,1.1863086657913153,1.460528126680719,1.6438354800306885,1.770931393067558,1.862229405951906,1.9300190002789628,1.9818858087557467,2.022636996339167,2.055402594071825,2.154059774630099,2.2034323029286362,2.2330558454182574,2.2528048483177305,2.277491099556465
2009-04-01,707690.1159411968,388815.0411080632,63.7265092054644,-0.5490815554928876,0.180555807424981,0.4420184769508797,2.033497148137553,84.56743761766269,0.8749147091018135,1.2576113470192327,1.5034813901810757,1.6673529092664592,1.7806972437002222,1.8619626191486625,1.922217896092829,1.968274001849894,2.0044351441086614,2.0334971481375534,2.1209596363162393,2.1647203781829,2.190976499967374,2.2084805469515514,2.230360602892529
2009-07-01,712781.072087735,392393.82861895504,63.7171222660792,-0.4442326526245873,0.0388812843730048,0.2924363364351687,1.9752241555815748,84.57162972258631,0.7486972479771363,1.1527305252963378,1.4127764226315893,1.586366644052275,1.7065873233480453,1.7928694228305684,1.8568921628507822,1.905853854718693,1.944310205076509,1.975224155581575,2.068284442212923,2.1148513040103385,2.1427912721903692,2.161417887827871,2.184701154787339
2009-10-01,715540.2110698569,392673.8965907791,63.75157561218344,-0.2041346768447623,0.1124518061153471,0.3465332666220099,1.7243719633179415,84.528095824184,0.7247621448372115,1.057536521958537,1.2702387041594274,1.4113709537916257,1.5086264058545162,1.5781539344539073,1.629594314605733,1.668852094494338,1.699643038797168,1.7243719633179415,1.7987370396233027,1.8359321809579254,1.858248534285117,1.8731260586938547,1.891722960943292
2010-01-01,719829.8044176549,396653.8375678812,63.63777643256835,-0.2411882514680164,0.1910649425406554,0.3634394306063817,1.959274287677809,84.50551978628062,0.7974503471984613,1.1811649156241264,1.4277112618425016,1.5920464417425697,1.7057188335188433,1.7872235473349423,1.847658562781109,1.893853288528458,1.9301239308027993,1.959274287677809,2.0470038361801324,2.0908984526946948,2.117234907589972,2.134792510190772,2.1567395106621574
2010-04-01,728111.4079752194,402086.77837875474,63.608803697489215,-0.1848749397429402,0.0174120425910366,0.243062622319955,1.7307115169586942,84.45458334185867,0.6493903288139082,1.007824572974813,1.2375749194349608,1.3903950738503403,1.495920155049985,1.5714808957810895,1.627452101982299,1.6702041975347905,1.7037554047609766,1.730711516958694,1.8118086170520968,1.852378454043537,1.876719834546351,1.8929473823512146,1.9132318140885396
2010-07-01,733067.3195003055,403437.7720170788,63.511530730989215,-0.3231846116331505,0.0359465396577084,0.2551353319426454,1.847869125770448,84.38009451701006,0.6883527316738454,1.0713426600205063,1.3174075624700325,1.4814126734639594,1.594851529162211,1.6761858637901002,1.7364929277491716,1.7825889732822062,1.818781665147071,1.847869125770448,1.935408560495405,1.9792078748899833,2.0054871425889953,2.023006620243204,2.0449059645244954
2010-10-01,740614.5312595391,407911.5305862899,63.48651356540217,-0.4166400673358591,0.0788196696769581,0.2920960384030797,1.8216747477572843,84.34781873987389,0.7091529730153849,1.077385154806394,1.3136451550329598,1.4709282071677845,1.5796109551776676,1.6574754115158927,1.7151766637448638,1.75926302524978,1.7938682084737378,1.8216747477572846,1.9053423969925778,1.9472008243541505,1.9723154391818112,1.989058478552318,2.0099872748393808
2011-01-01,744525.1568023564,409575.9115836868,63.43267984161355,-0.3228079524841606,0.0739705793572294,0.3114605373685428,1.857354795162256,84.43266224416406,0.7326923828949887,1.104737095866878,1.3435301044568517,1.5025497400804495,1.6124611857640019,1.6912220539712963,1.7495964942398536,1.7942020395505107,1.829217341363411,1.857354795162256,1.9420226853794198,1.9843825234613892,2.0097980158905306,2.0267416411130497,2.0479211697511923
2011-04-01,750013.2118202305,412507.4057522041,63.29814375708803,-0.4895879495422193,0.1406300643876822,0.3596911986735206,2.128847552408087,84.36116499549571,0.8380525586942726,1.2622679789788274,1.535722694366271,1.7185057524035985,1.845230706926165,1.9362580823524307,2.00384443316372,2.055554493843747,2.0961818617230183,2.128847552408087,2.2272027482580543,2.276423894666742,2.3059565986120867,2.3256450422452346,2.350255594390174
2011-07-01,753669.2315109738,413323.4068136002,63.29473984811365,-0.3419248797377678,0.1120829859910419,0.3342834130801719,1.895111006349004,84.32019555501718,0.7593364813801431,1.134870737308221,1.3759821640495853,1.5365912640981483,1.64762731522334,1.7272086535002935,1.7861992509804983,1.8312799961272574,1.8666706722952378,1.895111006349004,1.9806943996026496,2.0235131701272677,2.049204050550661,2.0663312684872563,2.087740288051004
2011-10-01,758443.9517983127,417672.6028570202,63.2185946103137,-0.4229022148331628,0.0112518970178935,0.2303590855190599,1.852631128736915,84.32542528133617,0.6711348925094682,1.0610271629530392,1.3116779138662464,1.478826997394606,1.5944903310774243,1.677447561646749,1.738973389184221,1.786009383551345,1.8229445687013475,1.8526311287369148,1.9419814353232858,1.9866885215258936,2.01351250873963,2.0313951341570173,2.0537484132075754
2012-01-01,765571.325416248,420900.4052305104,63.28814641688002,-0.2281132339095999,0.1257705201450405,0.3359942623851037,1.902543587152617,84.33974661264578,0.7625114383349154,1.1393827182575116,1.381382450641378,1.542600556540075,1.65406750204849,1.7339632047518716,1.7931898838584412,1.8384527025864794,1.8739872040421752,1.902543587152617,1.988477756866733,2.031472368094672,2.0572687638708604,2.0744663256510543,2.0959632750319472
2012-04-01,766374.9982663012,425050.19859929447,63.33231705789909,0.053973272182238,0.0711230556322174,0.217614721740792,1.878694384427901,84.28401819715133,0.6683208326173811,1.0672814625973064,1.3239571427394652,1.4952368058470986,1.6138226788450554,1.6989120847949106,1.7620391349555988,1.8103100426106506,1.8482207221607316,1.878694384427901,1.9704238308602846,2.016323555882672,2.0438632005263986,2.0622229327627606,2.085172595422819
2012-07-01,771645.2977678287,427084.29436883086,63.39626984448885,0.160279752063035,0.1637223608470619,0.3662309931693787,1.9643240288906687,84.21719725316795,0.8008197447466783,1.1850619924315797,1.431958923579869,1.5965344579965253,1.7103769095696915,1.792005692653319,1.8525338817285533,1.8988004659114202,1.9351278712817062,1.964324028890669,2.052192017289043,2.0961560323278294,2.1225341306516685,2.140119495646737,2.162101199115949
2012-10-01,775922.3540766865,427416.4546042713,63.51181440929001,0.4627465885758086,0.068620623178154,0.2519348644126803,1.9134530297754704,84.28631464778245,0.7027531817292407,1.1018162786982553,1.3585600369040474,1.5298863730677044,1.6485052689958744,1.733618767240546,1.796763910250377,1.8450487716801873,1.8829704737281796,1.9134530297754704,2.0052093590520625,2.0511225601732357,2.078670291313949,2.0970354145693837,2.1199918160042515
2013-01-01,777684.3124231178,426422.8434110045,63.598126287689375,0.4885957808835948,0.0681692358448882,0.2297740071156876,1.984699989399606,84.27895927514909,0.7044940226053711,1.125384164853931,1.3966295980935794,1.5778980133230405,1.7035513014923926,1.793796829227977,1.8607960274899684,1.9120532576424631,1.9523229213427356,1.9846999893996062,2.0821827781242503,2.130966595636086,2.1602368750576013,2.1797503683240818,2.2041422324792315
2013-04-01,776867.597339461,425380.1700342211,63.70929724435145,0.5934768619015076,0.1270565805402266,0.3775110791192513,2.09179598030056,84.19972783276614,0.8418316346283614,1.253224983710399,1.518160840614779,1.6951035274955828,1.817696201307329,1.905708819275444,1.9710311453308058,2.0209951188554585,2.0602432010320277,2.09179598030056,2.186787226983754,2.234322059588407,2.262842870424843,2.281856716014147,2.305624020482991
2013-07-01,779021.7711496103,430508.2829985464,63.82225454953086,0.6696922466977376,0.1381463241168468,0.3900161843434179,1.969108332307764,84.19868317556721,0.8197428858358582,1.1995451064321,1.4434921270837267,1.6060452576521107,1.7184567829728639,1.7990416157797764,1.8587858183143853,1.9044477673999598,1.9402975536877844,1.9691083323077638,2.0558114523171356,2.099191530576003,2.125219230532572,2.142570995702673,2.164260699348676
2013-10-01,779243.7717231091,429034.7517703461,63.98140173008723,0.7366500878102313,0.1224049681968101,0.3631815862056785,1.9813596568003704,84.18709799984069,0.8029098053046957,1.191845417849983,1.4418605746284003,1.6085739066227411,1.7239289298214346,1.806661228592441,1.8680181366838688,1.9149238550572085,1.9517561313603768,1.9813596568003704,2.070458978308824,2.11504024822215,2.141788737841187,2.15962103133196,2.1819113954652005
2014-01-01,780782.4193216803,430255.8756950697,64.06097431941797,0.7251344520656333,0.0157201341307595,0.2233765366364358,1.7006336832122029,84.15650496582022,0.6270451463451381,0.9830511017077331,1.2111881168813767,1.3629022013308858,1.467644696721805,1.5426344921157935,1.5981769293710908,1.640598344816344,1.6738883380803984,1.7006336832122027,1.7810937068184498,1.8213441837894928,1.8454939284276604,1.861593718489851,1.8817184530258642
2014-04-01,781441.3031082115,426803.9158749878,64.08611399942595,0.5897204656310173,0.1269017219964125,0.3674204756249922,1.9181140477548504,84.10570495885564,0.7898803957011018,1.1630465870971605,1.4025846949644982,1.5621151568140412,1.6723880311300354,1.7514125841500263,1.8099850466316456,1.8547433129060644,1.8898792535090567,1.9181140477548502,2.0030761647276565,2.0455834957160164,2.0710874930576084,2.088090121785817,2.1093434048166815
2014-07-01,785520.7745012454,433642.1513847585,64.23370847282935,0.6426180078292527,0.04828459741628,0.2486461928343348,1.942313543904639,84.07991735235375,0.7076910179381557,1.1142665668118215,1.3760015244600237,1.5507497342606076,1.6717897335820002,1.7586695783124173,1.8231412134950966,1.8724491074419551,1.9111789330248012,1.942313543904639,2.0360408110996007,2.0829420235294673,2.11108262287324,2.129842993142928,2.153293453416678
2014-10-01,785081.4030993229,432580.3507593221,64.31413981432777,0.5187067707573461,0.1117638055794131,0.3178477238863466,1.9983606694211289,84.05098302866733,0.7735265284458444,1.177028225315327,1.4367209458079304,1.6100690357447964,1.730118397972994,1.8162755109303228,1.880204388478638,1.9290936906537572,1.9674928582598517,1.9983606694211287,2.0912814926551313,2.137778442857442,2.1656764597344886,2.184275107727305,2.2075234151258876
2015-01-01,782719.3555746246,428587.7435911946,64.46454967091846,0.6280101654154778,0.0288132782300469,0.1960091371161875,1.849974251509552,83.94513311627264,0.6448947388366875,1.0421928787502601,1.2977640167805349,1.4682864263307533,1.5863365141560486,1.6710350312824465,1.7338685314692452,1.7819130441445041,1.8196448876279943,1.849974251509552,1.9412675334576535,1.986948613621213,2.0143570577580006,2.0326293226477103,2.0554696511087274
2015-04-01,783219.1076409478,429958.7990005168,64.57988522247341,0.767527785167593,0.1223161073771531,0.3342258465121184,2.0109555033339483,84.01003615784298,0.7889365626621083,1.1915542006084185,1.4506595610140087,1.6236049677841682,1.7433694166331033,1.8293186674447628,1.8930914445272367,1.9418603571096011,1.9801644254283948,2.010955503333948,2.1036443882772478,2.1500250701526884,2.1778533188060134,2.1964054544678033,2.2195956214442405
2015-07-01,783959.8101144967,431632.9716603596,64.67046688223977,0.6776507891594434,0.0596700547846313,0.2614816326373639,1.9087467256840132,83.88220930144368,0.7086527966024256,1.1043853109171027,1.3589162626386446,1.5287255397748183,1.6462710597841579,1.730601463103013,1.793158516913994,1.8409898254426547,1.8785532526874391,1.9087467256840134,1.9996292561360653,2.0451044307155994,2.0723893187022435,2.090579212503092,2.1133165770882223
2015-10-01,787638.2324743492,433291.9520854703,64.78448960819236,0.7286705941202097,0.0358682674869739,0.1967887039819399,1.9558988933129065,83.88527002724375,0.6725793970361877,1.0944472826865876,1.3663423190630046,1.5480560901380538,1.6740244842006538,1.7644999014109022,1.8316717422383382,1.8830621197714892,1.9234369605117085,1.9558988933129065,2.053638199026888,2.102550605919432,2.131898046962886,2.151462981511812,2.175919147279267
2016-01-01,790437.2119563831,434232.6887993304,64.97674757172737,0.7914021027863789,-0.06430899317588,0.1341550934696221,0.564626922519831,83.9651782533904,0.26996660581484766,0.38136529728125096,0.44698764285517983,0.48728468818739956,0.5131954673633603,0.5306725909353395,0.543024119936128,0.5521353474363488,0.5591126415630775,0.564626922519831,0.5809127274235025,0.5889933155239906,0.5938391270599188,0.5970695780638495,0.601107636463167
2016-04-01,792537.2372802164,435715.0775725285,65.17573334062142,0.9184223589767252,-0.0879177739161624,0.1096903391681333,0.4765123945267341,83.91701100813471,0.22921480263768518,0.3257401511849126,0.3814807934445075,0.4150031265157948,0.4361205437551705,0.4501006097313057,0.45982591586680516,0.46691171762897876,0.47228906827420614,0.4765123945267341,0.4888960865244753,0.4950205847639255,0.4986926207866284,0.501140551721826,0.5042004598945323
2016-07-01,797780.1670878552,438337.06507650606,65.27696695418179,0.9334612588769344,-0.1306988400696448,0.1232279949296943,0.5028852856236575,83.92436991448429,0.24603680794384453,0.34556142648873317,0.4032947543495093,0.4381832356591193,0.46026725379800065,0.4749525156392689,0.48520741028017944,0.4927016473673252,0.4984016331126842,0.5028852856236574,0.5160558545346684,0.5225748062379312,0.5264835388593703,0.5290892681441032,0.5323464242821003
2016-10-01,797232.9763866186,438745.7999793415,65.38281068950121,0.919317361322243,-0.0274410575489467,0.1993853423064555,0.2794995048657756,83.81141628081564,0.245545437103021,0.2750743996473826,0.2863032994419159,0.28930920858898895,0.2888351162195285,0.2870628243136072,0.2849584132316267,0.28292076471744027,0.28109123311353834,0.2794995048657756,0.2743062833281334,0.2716196520119394,0.27000446257415894,0.26892756275243007,0.26758143184522354
2017-01-01,798562.1219493644,441801.96119334525,65.53383476326692,0.8537094311227493,-0.1220326210784871,0.0783107420942568,0.5162559525600178,83.74238755793615,0.2160345837585369,0.3291796155198462,0.3959622124759897,0.4370547046066832,0.4635282920997396,0.48141601957068186,0.4940759041871501,0.5034249452441424,0.5105900953079324,0.5162559525600178,0.5329999205706605,0.5413101812177543,0.5462938105588027,0.5496161404587574,0.5537690474946245
2017-04-01,799769.29432267,435380.1987462332,65.5905955245106,0.6345113139861668,-0.0983946163014532,0.1090690029925792,0.1367641011770682,83.76297814014649,0.1418158236489018,0.1590957761068063,0.16218655360923562,0.1596131172609515,0.1551914295843478,0.15053911978351286,0.1462718707611299,0.14256617354871007,0.13941900111926092,0.1367641011770682,0.1283572765776953,0.12405969844422747,0.12147784077464027,0.11975649294503225,0.11760480191210694
2017-07-01,802812.7760044538,441128.90277892887,65.70546660242233,0.6542880067975776,-0.0865543276160699,0.1147720437270559,0.3410993316433882,83.75510156486203,0.19834594505956873,0.26204121844198475,0.2959698804138341,0.3145383249104399,0.32507530750742286,0.33133628407970867,0.3352647028217341,0.3378797625602632,0.33972554232444724,0.34109933164338824,0.3448698516932075,0.34667665366787237,0.34775780353033453,0.3484784702711891,0.34937929789040933
2017-10-01,803985.8447144664,442504.5345107113,65.80282235927767,0.6403339987022577,-0.1309832967064307,0.0629292837497028,0.5141935633876676,83.728949435817,0.20406128098162418,0.32031864247598535,0.3891690408138039,0.4316791791668127,0.4591558043063204,0.4777753105302226,0.4909847468886009,0.5007576195469265,0.5082575666832871,0.5141935633876676,0.5317540702278692,0.5404736535583781,0.545702901954241,0.5491889785310431,0.5535465689424107
2018-01-01,810474.6533405636,446289.14227197214,65.9171177747505,0.5831591027515952,-0.0764431853300035,0.0910839987483478,0.571309748396676,83.75668402393784,0.23962681380745554,0.3626517386398204,0.4359984397543937,0.481591159781997,0.5112488265800005,0.5314595392263679,0.545863940945065,0.5565584085026103,0.5647863506100493,0.571309748396676,0.590645767062728,0.6002553965719162,0.6060187280030132,0.6098608613289395,0.6146635227407302
2018-04-01,815276.6473122027,447735.5827607949,65.97481873883696,0.5840810197629408,-0.1266726173582362,0.0687958263135559,0.3570845046277707,83.65693647874983,0.1682247438587668,0.24639882767029425,0.2899470694354998,0.3151105191754362,0.33031371428261785,0.3399789849846805,0.34646396301655424,0.3510507217509843,0.35445400465967536,0.3570845046277707,0.3646536295604984,0.3683646338677645,0.3705884235009008,0.3720708530676197,0.37392388435613316
2018-07-01,817303.7327526181,446369.4194042423,65.9951305225828,0.4398831798183991,-0.1205819161108104,0.0570351361896141,0.4082078797012956,83.66760172359015,0.17255516897326334,0.2654236689875156,0.3187347369096745,0.3505913989393307,0.3705302917097237,0.3836505503104367,0.39273015767570096,0.3993179762219239,0.40430195524888335,0.4082078797012955,0.4196321750164553,0.4252757373709753,0.4286591819662563,0.43091471786417684,0.4337341322056946
2018-10-01,820610.4510044879,451928.2810117436,65.99151820791019,0.2863491357155914,-0.0318678680098329,0.1306226658224726,0.7051862308515802,83.57556864252827,0.3033051520982528,0.44837443933797744,0.5363671988569684,0.5920009845076223,0.6287630802328639,0.6541569185168983,0.6724537477093333,0.6861501778546667,0.6967494586805879,0.7051862308515802,0.7303057234494984,0.7428145501353001,0.750317580095439,0.7553195169759477,0.7615719330394958
2019-01-01,827261.7965113508,458148.6096546872,66.03521654141444,0.1790022113820543,-0.1520293026256216,0.0633073518108043,0.3995676842171107,83.62251586390218,0.17501151606200338,0.26439536261626684,0.3153912609204052,0.3456606856592402,0.36447654876857655,0.37677748693020885,0.3852418004342368,0.3913550849873695,0.39596421562826695,0.3995676842171107,0.4100777592851607,0.4152630322464115,0.41837147471704317,0.42044367514829434,0.42303392012351215
2019-04-01,835200.3102734447,456550.4196548597,66.1115969640359,0.2071042254578097,-0.2206390165464745,-0.0089010767484774,0.6036530146938239,83.57515542750929,0.17350263121620002,0.32744934400281134,0.4213401780788221,0.48101757410172585,0.5206406751801388,0.5481217959674397,0.567986134097363,0.5828914764750015,0.5944457127008915,0.6036530146938239,0.6311015544324006,0.644777908969792,0.6529815282180315,0.658450526450307,0.6652867692875399
2019-07-01,845950.2632982336,466883.087681466,66.19628102721231,0.3043324184573253,-0.0194531502494052,0.1269456244095524,0.58035486443296,83.51250933308577,0.2686264857239033,0.3853850702314885,0.4545684762285745,0.4973069184478764,0.524945077099143,0.5436824321318255,0.5569803706746214,0.5668214990033099,0.5743753633052427,0.58035486443296,0.5980468702105074,0.6068323726326161,0.6121011765811738,0.6156136236295566,0.6200041771351413
2019-10-01,858881.4072216133,471764.4204116671,66.39204246459784,0.605098513338886,0.0274663976303501,0.2237858585054963,0.6682700153184767,83.51320853189127,0.3631829211818192,0.4778559393869375,0.5456537155659428,0.5874421957170607,0.6144082207273028,0.6326552121934819,0.6455848971472642,0.6551420167167669,0.6624715341298394,0.6682700153184766,0.6854148599615533,0.6939260760230942,0.6990302911048217,0.7024330118129176,0.7066864073734151
2020-01-01,865072.3414418999,475673.0921162484,66.54688267711198,0.7718518245561539,-0.1202634632724665,0.1096075783045311,0.6414239765773941,83.49079121267424,0.27135168799426346,0.40643204309623493,0.48778825396918946,0.5388721451277309,0.5724150205770446,0.5954602361475085,0.6119932949406095,0.6243294498366356,0.6338542091546617,0.641423976577394,0.6639228114507509,0.6751179288390912,0.6818326515565155,0.6863090482201757,0.6919045389181727
2020-04-01,867132.9336239101,474918.73073545407,66.59870504511395,0.7340956372009819,-0.1968419020310092,0.0349348101358803,0.4162608095883326,83.46149224353314,0.15817062138635513,0.25808517497983474,0.3160775718665168,0.3511436660886383,0.37335335199634695,0.38813029634174157,0.39845404277650587,0.4060013805342859,0.4117433120643009,0.41626080958833256,0.42953368035534517,0.4361039149476771,0.4400434204904609,0.4426696651363123,0.445952465479396
2020-07-01,865643.2184469755,475467.2526367625,66.71607410248072,0.7821631401334608,-0.1155241988097972,0.1152509064767599,0.3842414031211226,83.53856706211339,0.20974170076027016,0.28340628741187124,0.3239584634456956,0.3470678661656708,0.36081774629470725,0.36942273274310516,0.3751114577324241,0.37908412105716716,0.382002311903833,0.38424140312112265,0.39062743376478387,0.39374536483217076,0.3956132736541104,0.3968584484189524,0.39841491116246186
2020-10-01,869768.1445225065,480866.58097811806,66.7958268477686,0.6063399352249725,-0.1143111474920334,0.0868562487150103,0.4747161073385375,83.4200776998846,0.21176397924333945,0.313205330536177,0.37221211685555416,0.4079736576326305,0.4306753979504834,0.44581132679054547,0.4564046636630825,0.46415991805223966,0.4700660890568592,0.4747161073385374,0.4883895428635728,0.4951605765308537,0.49922057400089925,0.5019271469123688,0.5053103576019182
2021-01-01,870427.7168303883,479852.2958613886,66.88183016931174,0.5020631446289181,-0.1094961920511128,0.0651524481098126,0.486942734329878,83.38780519449114,0.1987424802487473,0.30811251464237205,0.3723870403328584,0.41176004538584404,0.43701703155455135,0.45401717220048116,0.466010496215389,0.474845464755455,0.4816045337879711,0.48694273432987806,0.5026963085851732,0.5105100948272526,0.515195808662906,0.5183195274492948,0.5222241705574946
2021-04-01,871470.4241902297,482641.5151278681,66.99153898502246,0.5881194020606938,-0.1556694020960924,0.0118196330831657,0.307856432683751,83.2701274521195,0.11323118187381026,0.19321580574208497,0.2379669525822772,0.26395509170025117,0.2797417853416787,0.2898327547513173,0.2966374243092582,0.30147073921136547,0.3050687841031246,0.307856432683751,0.31590056392545235,0.3198496841066852,0.32221635806622156,0.32379404422302577,0.32576614626627265
2021-07-01,871367.392720411,481514.4977637589,67.12326505057227,0.6084791019000265,-0.0710219428761761,0.1393162042663346,0.5033948499897415,83.30528963240101,0.25813866921770023,0.3540229522920211,0.40933767693223816,0.4425680087941832,0.46347882427271814,0.4773081613311081,0.48692027295396545,0.493918775545021,0.4992271660022015,0.5033948499897415,0.51561035452156,0.5216505420799059,0.5252719864529332,0.527686189489793,0.5307039377835129
2021-10-01,871912.9123087308,480395.10161205946,67.20692293477724,0.6135655833349997,-0.0737746312356956,0.1376037697952592,0.4520061593645605,83.31184632877718,0.24371480523137623,0.3279910031567902,0.3755934297539674,0.40353635331694443,0.42070612995762197,0.43180614499581904,0.4393685883762413,0.4447863223023233,0.4488460170044453,0.4520061593645605,0.46117621143025683,0.46568974436971633,0.46839510106983345,0.47019857660327036,0.47245291540790446
2022-01-01,875107.0241569612,484678.0856078926,67.69918562920903,1.2146817361430835,-0.1747202809909653,0.0638996523571866,0.5177154947277781,83.26570736619117,0.20568455728265278,0.32253815447906087,0.3917846859757166,0.4345664058651032,0.4622351850842254,0.4809948797379975,0.49430959490574145,0.5041636618956595,0.5117277468274111,0.5177154947277781,0.5354324276680553,0.5442304258255402,0.5495067279920972,0.5530241738720266,0.5574209759179434
2022-04-01,875494.3168197226,482368.15629176097,68.08232924730312,1.61513694547625,-0.0650401634152556,0.1679592260950069,0.5384210240032699,83.3440853796689,0.2884150466042309,0.38579091096540186,0.44209662759887575,0.4760063651658538,0.49739788555414327,0.511577926936191,0.5214534107479536,0.5286550342611309,0.5341238759208417,0.5384210240032699,0.5510278540508982,0.557264209145216,0.561003366234208,0.5634960447219096,0.5666118873432914
2022-07-01,874731.3038468952,482698.2464341064,68.52663154303993,2.0691745413802654,0.0026342490972945,0.1986673894013594,0.5743546741825376,83.2417531112302,0.3204603357974832,0.4190572643301795,0.47617424403587233,0.5106401684976979,0.5324252118857409,0.5468923529305376,0.5569834430565412,0.564351348945796,0.5699515419548531,0.5743546741825376,0.5872818579185446,0.5936788030872375,0.5975143242036308,0.6000712456274782,0.6032673919305926
2022-10-01,871468.6167845165,478739.4813426512,69.10801439829433,2.789444457166254,-0.091401983378147,0.0712718402560269,0.4979798235595953,83.28942221246591,0.20612023936328489,0.31663941523618583,0.38167741926682147,0.42157385088984606,0.44720118090502065,0.4644715105703686,0.4766677413322483,0.48565919794237583,0.4925418815132698,0.49797982355959536,0.5140348821430197,0.5219997994394106,0.5267762013024252,0.5299603790101359,0.5339405957808587
2023-01-01,866475.202403712,476688.2308649516,69.5703183898344,2.7263865729080727,-0.1168662581034253,0.0735605439862477,0.5054459437371913,83.20308523170252,0.2097337684595263,0.32146277566081966,0.38730457977275007,0.4277520818026536,0.4537693147112609,0.47132410294517924,0.4837339566104663,0.49289016592780543,0.4999029925175282,0.5054459437371913,0.5218184090035768,0.5299424390702369,0.5348143184863555,0.5380621481450361,0.5421219298659157
2023-04-01,864632.2060576634,474222.9288458301,70.09930834800296,2.9195230278642166,-0.107100160720376,0.0994167751239396,0.5545812592486019,83.17686139182108,0.24154677780687384,0.3587155184848692,0.4281714282230819,0.4710966939461297,0.49886703720350556,0.5177008291810639,0.5310711900110969,0.5409681726873038,0.5485661579844165,0.5545812592486018,0.5723808720177114,0.5812203167398625,0.5865214894216662,0.5900555157099283,0.5944730432692421
2023-07-01,864080.611446188,477129.2410179644,70.56128108342105,2.9259116115500365,-0.0692371616515719,0.1247003409867459,0.4307916154814899,83.14556017761439,0.2286846832772358,0.3110187837312031,0.3573308997959975,0.3843892104227145,0.40093309037376695,0.41157647459592633,0.4187959970328963,0.4239492595334326,0.4278000404623184,0.4307916154814899,0.43945214634209545,0.44371026143812275,0.4462623515546165,0.4479636489660871,0.4500902650998919
2023-10-01,868545.4775190315,475453.8075941143,71.05236570286758,2.774644364205084,-0.1865335802753609,-0.0038704035176905,0.3093076564625118,83.12518981258107,0.10192734383111607,0.18591744688503856,0.23332979485260344,0.26114240403741973,0.2782199783887591,0.2892527260850467,0.29676465298795374,0.30214342701649344,0.3061723461473655,0.3093076564625118,0.3184026497807272,0.3228785565267707,0.3255613351718775,0.3273497586097822,0.3295852822922946
2024-01-01,869143.1241308209,479527.0051454048,71.512664715571,2.7536546439287366,0.2582195351488651,0.465806079597962,1.3686874566891185,83.18593975015249,0.7225003060838074,0.9442891654767985,1.0832536570765294,1.1738327155515007,1.235319896884527,1.2787522329028245,1.31059562628725,1.3347395931360406,1.3535916911018078,1.3686874566891185,1.4139348004542907,1.4365335160136072,1.450091106516591,1.4591294328759663,1.4704273365138296
2024-04-01,872447.2016696277,479480.16785413737,71.9698122807507,2.633382987345958,0.2679768025268594,0.4528580702845411,1.2267431153063864,82.95901946366244,0.6765440165622749,0.8681896944338567,0.9871273515577523,1.0639763842714456,1.1157490596095878,1.1520940553792829,1.1786149928118577,1.198654114098231,1.2142636735809575,1.2267431153063864,1.2640822101809315,1.2827166002974835,1.2938953491000635,1.3013477747910993,1.3106633023083976
2024-07-01,872427.6328139879,482088.4945844715,72.3968033230376,2.568057794228561,0.4173912506478023,0.5985492681360411,1.2757070413881149,82.94992271277806,0.797484116152878,0.9665270760691905,1.0704477088331104,1.137001348554517,1.1814896488534425,1.2125202370322061,1.2350501567739782,1.252011279593887,1.2651894373767227,1.2757070413881149,1.3071161743219153,1.3227779342998052,1.3321729202312937,1.338436166024843,1.3462652184564716
2024-10-01,871211.738205887,480607.7843562885,72.89243573623634,2.5567721140006427,0.3537913633097521,0.5631349483388552,1.3981726342480625,82.9978414584472,0.8024689636236324,1.0084044676105093,1.1368361452012299,1.220194102015978,1.2765720842413277,1.3162769396761522,1.3453210669718887,1.3673061517019491,1.3844528850580404,1.3981726342480625,1.439260752809549,1.459774490705011,1.4720809650010143,1.4802852106275342,1.490540513199362
2025-01-01,871192.4461544038,482658.0755452601,73.32093817763493,2.497165564391162,0.483394380555976,0.6713346031520999,1.529731361159245,83.00072639409687,0.9166458643386903,1.128039792911171,1.2600979943178023,1.345942228505863,1.4040793448266566,1.4450675987054058,1.475075533501115,1.497803936912453,1.5155378396011188,1.5297313611592451,1.5722515309507257,1.5934831416907231,1.6062203843186467,1.6147118099560833,1.6253260875931919
2025-04-01,872422.3704915344,481236.952948658,73.83592542039031,2.559865025701985,0.3823129651108996,0.5896360967802502,1.229241439385229,83.0095052212382,0.7789618254259335,0.9392297316999666,1.0373203047973016,1.0998769638921104,1.1415372511243724,1.170504626738185,1.1914851136023097,1.207251265016234,1.2194854796686598,1.2292414393852291,1.2583483830765814,1.2728560787964895,1.2815585544329813,1.287360124891227,1.2946120830707186
2025-07-01,881769.6725419697,481933.29766266944,74.37793852968103,2.6997227307898344,0.5043629583401396,0.7125590790257033,1.5273111298865003,82.97365435990137,0.9467022961293536,1.1478975600665156,1.2731798686105764,1.354378676499688,1.4092289802234352,1.4478192985590979,1.4760264299707773,1.4973659971293416,1.5140028171317568,1.5273111298865003,1.5671556173439563,1.5870459355044926,1.5989783192058393,1.6069331701273708,1.6168767292731234
2025-10-01,883922.0766317253,486026.9605275965,74.88355232512797,2.69493998441081,0.5284700131895614,0.6942871431568142,1.6020283224323988,82.90578770435597,0.9522249221505977,1.1751493944486493,1.314868376136366,1.4059646990026304,1.4678178642105255,1.511517208376027,1.5435611197336878,1.5678597323550443,1.586833989574103,1.6020283224323988,1.6475736012211266,1.6703216686041538,1.6839688794855356,1.6930669529974747,1.7044395405867847
