date,HLW (2023),DSGE (Okazaki-Sudo 2018),Natural Yield Curve (Imakubo et al. 2015),Natural Yield Curve (Nakajima et al. 2023),Macro-finance (Goy-Iwasaki 2024),VAR common trends (Del Negro et al. 2017),cross_method_mean,cross_method_min,cross_method_max
1985-01-01,2.7210487628343665,4.629779820880789,4.927041302841351,4.714582215169532,4.433181481437944,,4.285126716632797,2.7210487628343665,4.927041302841351
1985-04-01,2.7682754201970563,4.792968368412067,4.898878053210615,4.94560065019061,4.3787077225665545,0.49903750728952656,3.7139112869777375,0.49903750728952656,4.94560065019061
1985-07-01,2.727383491179229,4.723941672392746,4.552358914111661,4.801631276889612,4.190439755207384,0.4821354681305463,3.579648429651863,0.4821354681305463,4.801631276889612
1985-10-01,2.372014992321049,4.60901301929429,4.3959320290006,4.443860435648523,4.024474319799194,0.47753522686283767,3.3871383371544153,0.47753522686283767,4.60901301929429
1986-01-01,2.3504940583349128,4.663343360858214,4.109666513600244,4.371869678303732,3.8831011870462353,0.38456384212330263,3.293839773377773,0.38456384212330263,4.663343360858214
1986-04-01,2.6607158671009823,4.833450709565691,4.116722488072258,4.6086754929811615,3.8277765496422558,0.38364067077888797,3.4051636296902057,0.38364067077888797,4.833450709565691
1986-07-01,2.85984673083639,5.0453043412318,3.951034443128493,4.5958753171152305,3.7444665629770535,0.37445579523165295,3.428497198420103,0.37445579523165295,5.0453043412318
1986-10-01,2.972233968182793,5.189855067584999,3.909983992820288,4.634483292088405,3.6851536174437403,0.3793052173559146,3.461835859246024,0.3793052173559146,5.189855067584999
1987-01-01,3.0660984617617566,5.407091422152035,4.042701474114795,4.693889793590074,3.649859914377172,0.41949858835765785,3.5465232757255816,0.41949858835765785,5.407091422152035
1987-04-01,3.2977559496822795,5.708092267134655,3.764552056247531,4.738052075683869,3.5042093359517312,0.4017088125962316,3.5690617495493835,0.4017088125962316,5.708092267134655
1987-07-01,3.3578232691491343,5.845637621461002,3.71750626768398,4.704323013933296,3.4349668711631156,0.3864331611520786,3.5744483674237677,0.3864331611520786,5.845637621461002
1987-10-01,3.215593235583411,5.6589083362319,3.5843777601727975,4.501939257100252,3.3382423673787596,0.34457132718407224,3.440605380608533,0.34457132718407224,5.6589083362319
1988-01-01,3.073671657818703,5.232290002205212,3.266584941715989,4.277237159355135,3.1823460842949904,0.2948350281935075,3.2211608122639226,0.2948350281935075,5.232290002205212
1988-04-01,2.7295158462047895,4.789394105757175,3.2989817591479964,4.022349420439787,3.1207230145203635,0.31241601252482776,3.0455633597658234,0.31241601252482776,4.789394105757175
1988-07-01,2.265200797145923,4.364987917261148,3.3309777072797266,3.694468075053728,3.0639792555773573,0.32641667900821103,2.8410050718876825,0.32641667900821103,4.364987917261148
1988-10-01,1.9770186976525417,3.973322005430403,3.1602452701714836,3.4885267592941727,2.9674100855898287,0.28578277958099496,2.6420509329532376,0.28578277958099496,3.973322005430403
1989-01-01,1.7085371851821827,3.5315224887949097,3.011522574573385,3.182172689319129,2.8907089781972037,0.25973112788859964,2.430699173992568,0.25973112788859964,3.5315224887949097
1989-04-01,1.6093154177240243,3.2552423608483427,3.0339818385357233,3.2029585980044066,2.8537579038374954,0.23858679632744662,2.365640485879573,0.23858679632744662,3.2552423608483427
1989-07-01,1.375973328689816,3.019052283716936,2.853998638239072,2.9125439101991195,2.765656440617554,0.21510367415193776,2.190388045935739,0.21510367415193776,3.019052283716936
1989-10-01,1.1059648340362034,2.700391875043821,2.705525941518409,2.672013483053509,2.668199037307208,0.19740106129729207,2.0082493720427403,0.19740106129729207,2.705525941518409
1990-01-01,0.9827060157664635,2.43924660486648,2.8215159777343217,2.6203494507294396,2.6413402081723305,0.22516153201026268,1.9550532982132163,0.22516153201026268,2.8215159777343217
1990-04-01,1.0491619394436866,2.2160728907018856,2.7188184876959096,2.6607228462157173,2.5768344373745102,0.234713627225705,1.9093873714429026,0.234713627225705,2.7188184876959096
1990-07-01,0.9157206978410315,2.1533393095975546,2.8545084415011757,2.555761815084665,2.5822051032712987,0.29179859011821885,1.8922223262356574,0.29179859011821885,2.8545084415011757
1990-10-01,0.780309698807645,2.3292277291862087,2.823001714751958,2.447886891888274,2.5694599525506034,0.3159837234929037,1.877644951779599,0.3159837234929037,2.823001714751958
1991-01-01,0.8535480032120311,2.5903391770351165,3.2082919641827004,2.6793832954826566,2.662325231364947,0.41563466945099425,2.0682537234547413,0.41563466945099425,3.2082919641827004
1991-04-01,1.071653442071753,2.627131153417071,3.1368977128954016,2.811540768700104,2.684295658729093,0.406047985841667,2.122927786942515,0.406047985841667,3.1368977128954016
1991-07-01,1.2580961625961624,2.622841718718331,3.2646628211035953,2.984379581810051,2.7147151932983262,0.42214867585550664,2.211140692230329,0.42214867585550664,3.2646628211035953
1991-10-01,1.4252476244229748,2.8317977873689206,3.0835377192512254,3.019612858133093,2.6154397803575633,0.40438324242458434,2.230003168659727,0.40438324242458434,3.0835377192512254
1992-01-01,1.6483911089950007,3.053959627779303,2.781595628944289,3.021327343618753,2.476217979869334,0.3525215299450426,2.222335536525287,0.3525215299450426,3.053959627779303
1992-04-01,1.8561018581947653,3.1157180985601434,2.7557922957475762,3.2095828509118256,2.418363556403285,0.329926617999432,2.280914212969505,0.329926617999432,3.2095828509118256
1992-07-01,1.6700624000360977,3.2565004085187423,2.7228945232988084,2.988704703016591,2.353991757667252,0.36036000906178867,2.2254189669332134,0.36036000906178867,3.2565004085187423
1992-10-01,1.5298359034705338,3.446887201331041,2.5785483721697933,2.8868318547006893,2.289015701934223,0.3025094642556143,2.172271416310316,0.3025094642556143,3.446887201331041
1993-01-01,1.673975937500857,3.6205531542591745,2.6493920913438997,3.0205441637275827,2.268819650192612,0.3102721228574925,2.2572595199802694,0.3102721228574925,3.6205531542591745
1993-04-01,2.0676858746577937,3.9177691146156635,2.457753746655063,3.2228811028934854,2.1905999239459804,0.2744377379291498,2.3551879167828558,0.2744377379291498,3.9177691146156635
1993-07-01,2.337055499409851,4.13752303421025,2.443216800305457,3.3823796147505645,2.1405920019215383,0.28247633122221427,2.4538738803033127,0.28247633122221427,4.13752303421025
1993-10-01,2.2508743182160003,4.23238381756379,2.267612395337974,3.2064525738866383,2.0600230028108824,0.24650725903630755,2.3773088944752656,0.24650725903630755,4.23238381756379
1994-01-01,2.113961310631939,4.214861250228987,2.18673029943008,3.0934501763125892,1.9956549886158415,0.20578477817166363,2.30174046723185,0.20578477817166363,4.214861250228987
1994-04-01,2.2117474158624764,4.155790723258152,2.1315272025028196,3.146653847534038,1.921130418351338,0.17902382363974667,2.2909789051914284,0.17902382363974667,4.155790723258152
1994-07-01,2.529091909023697,4.237889914748818,1.8522848313059073,3.249395310069726,1.7869993720368254,0.13844107467340705,2.2990170686430633,0.13844107467340705,4.237889914748818
1994-10-01,2.7051910734346216,4.287680112802105,1.8477010820611925,3.3266230221284907,1.7293035697512704,0.12294410705663505,2.3365738278723858,0.12294410705663505,4.287680112802105
1995-01-01,2.6162119749641346,4.4046656542974985,1.688829417297264,3.1754816476509413,1.6229845442861044,0.10284165652897714,2.2685024825041533,0.10284165652897714,4.4046656542974985
1995-04-01,2.3820203572923817,4.338620899869046,1.6135695458914228,2.9522176827102724,1.5311718421697647,0.09073334961614443,2.1513889462581717,0.09073334961614443,4.338620899869046
1995-07-01,2.2856623541134273,4.304575725715189,1.4649002915324407,2.8668020080214207,1.447996533905097,0.024092171454853095,2.065671514123738,0.024092171454853095,4.304575725715189
1995-10-01,2.214523387085665,4.3069084567916605,1.4207424986500088,2.782627043637529,1.3672274223922194,0.018301494425330245,2.018388383830402,0.018301494425330245,4.3069084567916605
1996-01-01,2.122399284539686,4.242308896020484,1.182285623216786,2.6055845263120907,1.2405543200520808,-0.03796378504834408,1.8925281441821304,-0.03796378504834408,4.242308896020484
1996-04-01,2.012768458416034,4.051898942214991,1.1615052023872716,2.5456978082481503,1.140753111001354,-0.0632121623662511,1.8082352266502584,-0.0632121623662511,4.051898942214991
1996-07-01,1.7613874858173175,3.696324637826146,0.7419312632465013,2.150631065515639,0.9467571300265908,-0.14051770775728128,1.526085645779152,-0.14051770775728128,3.696324637826146
1996-10-01,1.4906530215712084,3.4419707123696837,0.7011172747052339,1.9820846075643486,0.8370609247311295,-0.16956069712937738,1.3805543073020379,-0.16956069712937738,3.4419707123696837
1997-01-01,1.1576719007846497,3.0708833448141837,0.5245414137641146,1.6561859709914912,0.7218575234048269,-0.20772161873417652,1.1539030891708484,-0.20772161873417652,3.0708833448141837
1997-04-01,0.8488299675867359,2.7097222333340047,0.4889191130735401,1.4508866053478537,0.6404926209241446,-0.2256723051266764,0.9855297058566005,-0.2256723051266764,2.7097222333340047
1997-07-01,0.4803738147719123,2.2760677939547165,0.44474289486078483,1.2107698612519904,0.5547055999059055,-0.23439444771468448,0.7887109195051041,-0.23439444771468448,2.2760677939547165
1997-10-01,-0.028229878084945703,1.7208323716820226,0.2965278516121949,0.7522451207174434,0.43559967560241514,-0.24259136186105837,0.48906396327801205,-0.24259136186105837,1.7208323716820226
1998-01-01,-0.26209024520006796,1.3177886669114438,0.3070400147278574,0.6879415512378999,0.3597538487182386,-0.2698859912589961,0.356757974189396,-0.2698859912589961,1.3177886669114438
1998-04-01,-0.3574168481750335,1.0070624909692303,0.17968188163469773,0.5569737353742348,0.24825288643965854,-0.2780634847826022,0.22608177691003092,-0.3574168481750335,1.0070624909692303
1998-07-01,-0.37306411061484535,0.9925969653306213,0.06838026897733986,0.48700178367413144,0.13182601403730138,-0.27035186539816625,0.17273150933439704,-0.37306411061484535,0.9925969653306213
1998-10-01,-0.2005319350015653,1.1758281525568002,-0.014353463552018659,0.5528173072696357,0.08067131443761019,-0.2798270002383533,0.2191007292453515,-0.2798270002383533,1.1758281525568002
1999-01-01,0.04220855046454952,1.3479925332077642,0.22934349841723706,0.862455429645601,0.1467966324927032,-0.22791683219610379,0.4001466353386252,-0.22791683219610379,1.3479925332077642
1999-04-01,-0.017483682102918063,1.4247632013341802,0.3562390390019008,0.7702486789221523,0.19742094863709406,-0.16029822678169975,0.4284816598351182,-0.16029822678169975,1.4247632013341802
1999-07-01,-0.03105231128865027,1.5765783674066283,0.41261647832949094,0.8942474410951069,0.24088590465384657,-0.1693510664209793,0.48732080229590724,-0.1693510664209793,1.5765783674066283
1999-10-01,-0.15985002713634922,1.8262342769447781,0.44166501497087785,0.7422424934689168,0.2810986160943631,-0.14767114974597417,0.4972865374327688,-0.15985002713634922,1.8262342769447781
2000-01-01,0.033002357672020644,2.1077079486408534,0.426526006313105,0.9551239085256529,0.3187818837150023,-0.19332480132406987,0.6079695505904275,-0.19332480132406987,2.1077079486408534
2000-04-01,0.4540957112489079,2.341137753719673,0.5050217051443617,1.267788187884023,0.35812869511563566,-0.18009151659008577,0.7910134227537527,-0.18009151659008577,2.341137753719673
2000-07-01,0.8588727048628964,2.3536849774784714,0.3289957589962325,1.43673273417659,0.3190184544640394,-0.19876434805029625,0.8497567136546557,-0.19876434805029625,2.3536849774784714
2000-10-01,1.1656390569125388,2.394574126944853,0.3535979315851003,1.6282750143679947,0.3271358052334216,-0.18737712350327826,0.9469741352567717,-0.18737712350327826,2.394574126944853
2001-01-01,1.3113978828150659,2.6283029517742666,0.40711526915115787,1.741547851355838,0.36557824656686544,-0.17059944486227396,1.0472237928001533,-0.17059944486227396,2.6283029517742666
2001-04-01,1.2853198880332912,2.8530019240707736,0.5031173415017646,1.7358596653330745,0.43296266031292113,-0.16298444301533094,1.1078795060394158,-0.16298444301533094,2.8530019240707736
2001-07-01,1.3482368470141863,3.1205787775272906,0.5253129181982156,1.7957077752693775,0.4779216201853073,-0.19207191083122227,1.179281004560526,-0.19207191083122227,3.1205787775272906
2001-10-01,1.5190639997436,3.250470808768119,0.4445288177170068,1.9055073556967024,0.46458342983003487,-0.20653115701603528,1.2296038757899048,-0.20653115701603528,3.250470808768119
2002-01-01,1.4231757188772272,3.1216283516826655,0.3462707340467334,1.7476169301307096,0.44378961487454943,-0.20922001278324118,1.1455435561381073,-0.20922001278324118,3.1216283516826655
2002-04-01,1.196754747240096,2.90185320953148,0.37676932184000655,1.606990534448301,0.4786889680975343,-0.23333682006736953,1.0546199935150082,-0.23333682006736953,2.90185320953148
2002-07-01,1.1684142423679877,2.901484131366465,0.4111531679483428,1.6319640449939485,0.5277469196059267,-0.2526374972072517,1.06468750151257,-0.2526374972072517,2.901484131366465
2002-10-01,1.3720783763045339,3.1036016562734323,0.4011861834823821,1.745148127605979,0.5685186402573966,-0.261419086898071,1.154852316170942,-0.261419086898071,3.1036016562734323
2003-01-01,1.7056395002694327,3.438855543644289,0.5161795191278896,2.0242046931309297,0.6240188372835989,-0.23311865005130922,1.3459632405674717,-0.23311865005130922,3.438855543644289
2003-04-01,1.859579271147712,3.536130328186476,0.5612162956878335,2.0795179065451728,0.6579635118591681,-0.21384777467697438,1.4134265897915645,-0.21384777467697438,3.536130328186476
2003-07-01,1.8400004484626824,3.535153842946401,0.5206687824131302,2.04749564561937,0.6573866388761477,-0.22427270788584183,1.3960721084053151,-0.22427270788584183,3.535153842946401
2003-10-01,1.6455582059082952,3.382521702800955,0.5588058988497686,1.883774723684609,0.6646453472435129,-0.22592151700933935,1.3182307269129667,-0.22592151700933935,3.382521702800955
2004-01-01,1.513421722095495,3.20441941147292,0.5152489862983386,1.7939080283087534,0.6296458852745392,-0.2337361636118802,1.2371513116396944,-0.2337361636118802,3.20441941147292
2004-04-01,1.3673186702296865,2.97460589334654,0.46986374034574047,1.6744727702983213,0.5989319175142696,-0.23955796446102057,1.140939171212256,-0.23955796446102057,2.97460589334654
2004-07-01,1.068478410895656,2.7907681593023708,0.4517893805163601,1.4249762308992588,0.5869575565292856,-0.2561065669129717,1.01114386187166,-0.2561065669129717,2.7907681593023708
2004-10-01,0.7764948158858709,2.5318345091734837,0.41662099691338134,1.2507948083642608,0.5689192267910607,-0.2578784631671409,0.8811309823268193,-0.2578784631671409,2.5318345091734837
2005-01-01,0.3896190920145677,1.9649730116194313,0.5477738637149732,1.020781892023057,0.6099679265782565,-0.23993790010513324,0.7155296476408587,-0.23993790010513324,1.9649730116194313
2005-04-01,0.07084595134578908,1.683617076343229,0.5189760163118817,0.8286636105232096,0.6180514771625852,-0.25640918853607897,0.5772908238584359,-0.25640918853607897,1.683617076343229
2005-07-01,-0.18225256157857528,1.441110941078366,0.5944026390699901,0.7062377541041878,0.6436940847293195,-0.23080871286701027,0.495397357422713,-0.23080871286701027,1.441110941078366
2005-10-01,-0.37017032455240173,1.014035510384044,0.6808476111670355,0.6018886164354966,0.6818068367232358,-0.2205605238770978,0.3979746210467187,-0.37017032455240173,1.014035510384044
2006-01-01,-0.33758567014466845,0.6638358773238333,0.7550130206186815,0.7280780039781521,0.6983078258822331,-0.185108613769622,0.3870900739814349,-0.33758567014466845,0.7550130206186815
2006-04-01,-0.38764623896062345,0.7037338075042538,0.886379031573888,0.723598487517048,0.7348146647238714,-0.16804028644270114,0.41547324431928945,-0.38764623896062345,0.886379031573888
2006-07-01,-0.38620518762010914,0.8157514841612036,0.7033463235629419,0.6839471469715783,0.6666621771861923,-0.20546625497447596,0.3796726148812218,-0.38620518762010914,0.8157514841612036
2006-10-01,-0.3140679782819755,0.8302924067433082,0.6122007260529101,0.7222587744335113,0.6132846791057665,-0.22759361410989587,0.3727291656572707,-0.3140679782819755,0.8302924067433082
2007-01-01,-0.2955964916370637,0.7129799824434583,0.47496553852406775,0.6852643326267447,0.581744454925477,-0.2892581881512103,0.3116832714552456,-0.2955964916370637,0.7129799824434583
2007-04-01,-0.3414526335875063,0.7232480684296008,0.42168524924878187,0.6602620915134558,0.5650788219234245,-0.3046198282522886,0.28736696154591135,-0.3414526335875063,0.7232480684296008
2007-07-01,-0.5065764532808632,0.6377104287724827,0.4288550685036682,0.5561106278414132,0.5842155245173982,-0.3170248975455434,0.23054838313475925,-0.5065764532808632,0.6377104287724827
2007-10-01,-0.6618815311474084,0.45645227843978753,0.41103877503371816,0.4700724606375828,0.6157952909032505,-0.3520033204804203,0.15657899223108504,-0.6618815311474084,0.6157952909032505
2008-01-01,-0.7718600165379619,0.3481071014533794,0.4890779502963423,0.47829803227689255,0.6512112644450553,-0.34159203940630184,0.14220704875456766,-0.7718600165379619,0.6512112644450553
2008-04-01,-0.9583801651684105,0.39222055636420183,0.5094822767566312,0.3383077672559774,0.6590547096751148,-0.3179009437023764,0.10379736686352305,-0.9583801651684105,0.6590547096751148
2008-07-01,-0.940612423745792,0.5970435571655084,0.4618875734726878,0.379902782399671,0.6729229311153414,-0.3614704845652974,0.13494565597368655,-0.940612423745792,0.6729229311153414
2008-10-01,-0.6714275159031384,1.068880901339811,0.5516009632715839,0.6033553563858637,0.7053118382195402,-0.3291893072482366,0.32142203934423735,-0.6714275159031384,1.068880901339811
2009-01-01,-0.2304883227397827,1.5641914444250764,0.6857550884746896,0.9454520110704883,0.744016373319195,-0.2898709823178006,0.5698426020386443,-0.2898709823178006,1.5641914444250764
2009-04-01,0.2566198376725919,2.059779724615975,0.7505873984194931,1.320784449799745,0.7484311544652439,-0.2563522825981973,0.8133083803958087,-0.2563522825981973,2.059779724615975
2009-07-01,0.5212544084846864,2.4618055241204244,0.675032016728377,1.3898313206144075,0.7148270108680108,-0.26687033927160786,0.9159799902573832,-0.26687033927160786,2.4618055241204244
2009-10-01,0.8655631248173177,2.8729723789260655,0.5556640132409214,1.5722196132676602,0.6529901368864081,-0.28368369135762866,1.0392875959634573,-0.28368369135762866,2.8729723789260655
2010-01-01,1.2560040330722466,3.105341815730416,0.6476027016226132,1.9081396373603456,0.6580925984425954,-0.28238320564770153,1.2154662634300857,-0.28238320564770153,3.105341815730416
2010-04-01,1.3113377390618282,3.083166369650499,0.41267896475931987,1.7403495301651457,0.6051933642789517,-0.3268786973618676,1.1376412117589796,-0.3268786973618676,3.083166369650499
2010-07-01,1.2920958362851485,3.0059458282368157,0.4493785414301728,1.7941360044426624,0.6068054520960557,-0.3507027584249277,1.1329431506776546,-0.3507027584249277,3.0059458282368157
2010-10-01,1.1113185532708654,2.841785223715632,0.47414051808723046,1.6102191513444053,0.6067300051239118,-0.321564233396406,1.0537715363576066,-0.321564233396406,2.841785223715632
2011-01-01,0.9935222405152033,2.7541639318554587,0.4950674423016784,1.5791047069388633,0.6286448535870337,-0.34036108018670796,1.0183570158352548,-0.34036108018670796,2.7541639318554587
2011-04-01,0.9023070526000079,2.698189782939857,0.6844276917235519,1.5658140290314515,0.6788227207769174,-0.30581181273966956,1.0372915773886862,-0.30581181273966956,2.698189782939857
2011-07-01,0.9080773008204854,2.7080610370983496,0.5637541739890847,1.5189339351066302,0.6377342247288067,-0.3248988503850159,1.0019436368930568,-0.3248988503850159,2.7080610370983496
2011-10-01,0.8675281117009312,2.5902896376464652,0.4982806974621059,1.4870750423308512,0.6122242103055485,-0.34703477538520844,0.9513938206767821,-0.34703477538520844,2.5902896376464652
2012-01-01,0.5547172512683112,2.3135835632414263,0.560642317866563,1.2130769915193833,0.6098211754220506,-0.32119357237726404,0.821774621156745,-0.32119357237726404,2.3135835632414263
2012-04-01,0.4524672503062903,1.8408703106350095,0.4579686552117789,1.2062221421946604,0.5986491891877251,-0.3985982878787969,0.6929298766094445,-0.3985982878787969,1.8408703106350095
2012-07-01,0.2511455544019099,1.3306593652213372,0.46758649993754636,1.0652132362817899,0.5978633578521436,-0.3910083892775337,0.5535766040695324,-0.3910083892775337,1.3306593652213372
2012-10-01,-0.20256503668765946,0.9829558910492397,0.2818374009112626,0.6939556050497501,0.5700864810404364,-0.47222296755666116,0.3090078956343946,-0.47222296755666116,0.9829558910492397
2013-01-01,-0.5906686319094518,0.866542523987989,0.211175739901804,0.4283165806164617,0.5562615645845994,-0.5297343222566291,0.1569822424874622,-0.5906686319094518,0.866542523987989
2013-04-01,-0.6841613650548886,0.8693147101724489,0.199408037111071,0.44986836230008775,0.5348116566376583,-0.5642235040889628,0.13416964951290242,-0.6841613650548886,0.8693147101724489
2013-07-01,-0.7582311597499523,0.7110049656858907,0.061840773031041185,0.3100193590933317,0.4586654949486271,-0.5823900210510081,0.03348490199298839,-0.7582311597499523,0.7110049656858907
2013-10-01,-0.7676270089354182,0.6290801277538643,-0.012734152290002475,0.3090986688604217,0.3772414975270952,-0.6158251086852842,-0.013460995961553942,-0.7676270089354182,0.6290801277538643
2014-01-01,-0.7432792371433954,0.5909322728302236,-0.2517912629665729,0.1877003516141512,0.26650392193009337,-0.6526052384143846,-0.10042319869164744,-0.7432792371433954,0.5909322728302236
2014-04-01,-0.721277758513371,0.6805409907368843,-0.13234778997677463,0.3156341862843708,0.2510664428754574,-0.6372145679581129,-0.04059974942525766,-0.721277758513371,0.6805409907368843
2014-07-01,-1.016871879140825,0.5031707510237697,-0.17476375565900548,0.04361736959481172,0.22522544507560627,-0.6433448219065898,-0.1771611485020388,-1.016871879140825,0.5031707510237697
2014-10-01,-1.2520346479946016,0.4157669682562659,-0.11478619774911285,-0.05971689348799677,0.19433902571798323,-0.6430331372571677,-0.2432441470857716,-1.2520346479946016,0.4157669682562659
2015-01-01,-1.1107399358119743,0.6129330759213969,-0.2284592890442975,0.040486822271302056,0.12221221305584376,-0.6704369970776483,-0.20566735178089623,-1.1107399358119743,0.6129330759213969
2015-04-01,-0.8176908522981241,0.8710277518173201,-0.15886421485550473,0.2454135795701074,0.0672034089759826,-0.6522184792496588,-0.0741881343399796,-0.8176908522981241,0.8710277518173201
2015-07-01,-0.5004074508766094,1.0459090749387083,-0.26378704719084534,0.42876179440852286,-0.0753114426362279,-0.6728457104473489,-0.006280130300633402,-0.6728457104473489,1.0459090749387083
2015-10-01,-0.3725614085723281,1.1506896785249987,-0.3304706143399357,0.4495720256733907,-0.3171747450708989,-0.6825059121279449,-0.017075162652119686,-0.6825059121279449,1.1506896785249987
2016-01-01,-0.3530046707945578,1.2390208885067566,-1.0820423033188962,0.0821526815766882,-0.8145100845645519,-0.7239134166251104,-0.2753828175366119,-1.0820423033188962,1.2390208885067566
2016-04-01,-0.36516084145460637,1.2581626281484624,-1.2104687558192897,0.07105663534967821,-1.0964783363769504,-0.7466540820652268,-0.3482571253696554,-1.2104687558192897,1.2581626281484624
2016-07-01,-0.6435382304030721,1.1783308288603696,-1.2854647341154137,-0.224055493167583,-1.2648652522621393,-0.762278221507871,-0.5003118504326183,-1.2854647341154137,1.1783308288603696
2016-10-01,-0.7351366285623202,1.092379891272614,-1.3972422094244472,-0.2686775286504474,-1.4056530841769668,-0.781394301769408,-0.5826206435518294,-1.4056530841769668,1.092379891272614
2017-01-01,-0.633220350363717,1.0506299136589652,-1.3709653422529777,-0.1974606999262104,-1.4563013956905102,-0.8033017978493462,-0.5684366120706327,-1.4563013956905102,1.0506299136589652
2017-04-01,-0.42469184016083683,1.4235969081701842,-1.5138544587366551,-0.12090336812883118,-1.5480978936468153,-0.7882772087040086,-0.4953713102011605,-1.5480978936468153,1.4235969081701842
2017-07-01,-0.1920205169914624,1.7137568114982873,-1.3926329090451994,0.027915586694191252,-1.523023986961335,-0.7673969801005951,-0.35556699915101886,-1.523023986961335,1.7137568114982873
2017-10-01,0.18558049499003637,1.9650148330511064,-1.2974612227057787,0.37276051106970776,-1.4685596487375538,-0.7755119098572718,-0.16969615703162566,-1.4685596487375538,1.9650148330511064
2018-01-01,0.3089141074930981,2.1531091219691914,-1.2160592643442354,0.4271901080674181,-1.4432789264672308,-0.7303874763470177,-0.08341872160479606,-1.4432789264672308,2.1531091219691914
2018-04-01,0.26912693075159266,2.422168857468122,-1.329745632059897,0.313328663239689,-1.4649953077460895,-0.7518815436549969,-0.09033300533359666,-1.4649953077460895,2.422168857468122
2018-07-01,0.5186888217912515,2.8942099360892337,-1.268735644703536,0.5197300212841484,-1.4274486185805872,-0.7561608221209863,0.08004728229325402,-1.4274486185805872,2.8942099360892337
2018-10-01,1.0599266604108073,3.226534266102486,-1.0375891352631132,0.978821794175615,-1.3446235644583777,-0.7165133405014374,0.36109278007766327,-1.3446235644583777,3.226534266102486
2019-01-01,1.6036055156089901,3.3892813192532376,-1.1666487850579985,1.201257385544717,-1.3496869312735602,-0.7120413631261284,0.49429452349154296,-1.3496869312735602,3.3892813192532376
2019-04-01,2.0257588969201756,3.580782327662062,-1.0503351236722083,1.485679966325264,-1.2939525877396592,-0.7066295828047416,0.6735506494484821,-1.2939525877396592,3.580782327662062
2019-07-01,2.0233039548400353,3.3299870350833736,-0.9387269771806606,1.503199818573557,-1.2670899707820595,-0.6481608603576,0.6670855000294408,-1.2670899707820595,3.3299870350833736
2019-10-01,1.3028218731678978,2.8224047548709557,-0.9163542556534594,0.9626745163889934,-1.2580010394638101,-0.6528419945869028,0.37678397578727907,-1.2580010394638101,2.8224047548709557
2020-01-01,0.3754939652736309,2.25612454380624,-1.0769764152839691,0.3231038587053847,-1.2991307131313616,-0.7534263299858872,-0.029135181769327095,-1.2991307131313616,2.25612454380624
2020-04-01,-0.23271352095761388,1.8913711731181138,-1.285856212824678,-0.15400942967712472,-1.3792572308504658,-0.8231312123621434,-0.3305994055923187,-1.3792572308504658,1.8913711731181138
2020-07-01,-0.34843948387584267,1.6643024565687417,-1.3262184582339291,-0.1440474095344958,-1.4148456608761624,-0.8521546716857339,-0.403567204606237,-1.4148456608761624,1.6643024565687417
2020-10-01,-0.5176606599805771,1.3016847574381756,-1.2802805093989569,-0.29974452389266887,-1.4079948692634798,-0.8348121344480378,-0.5064679899242575,-1.4079948692634798,1.3016847574381756
2021-01-01,-0.6904697358244141,0.9829977752266974,-1.2346926865533034,-0.3643035558673189,-1.4056775624583964,-0.8386345394249048,-0.5917967174836067,-1.4056775624583964,0.9829977752266974
2021-04-01,-0.8005157137898382,0.6089779055100257,-1.3093987031258878,-0.4824308740852219,-1.4235822566630194,-0.8449857351933857,-0.7086558962245545,-1.4235822566630194,0.6089779055100257
2021-07-01,-0.7949982038797061,0.3405241772141593,-1.1526408909223222,-0.390065230403293,-1.3823184618167856,-0.826809721931878,-0.7010513886233043,-1.3823184618167856,0.3405241772141593
2021-10-01,-0.7942270724465157,0.12809275877272353,-1.1703651194349651,-0.3553950660441849,-1.377554386691071,-0.8311643826776373,-0.7334355447536084,-1.377554386691071,0.12809275877272353
2022-01-01,-1.0934510709977707,-0.24843427770028237,-1.2823466287258958,-0.6104409906171403,-1.3862827470010406,-0.8889805352139764,-0.9183227083760177,-1.3862827470010406,-0.24843427770028237
2022-04-01,-1.5542120193269011,-0.5353610692581668,-1.3733282729106815,-0.8829252569596527,-1.4253966087260013,-0.9395585062442535,-1.1184636222376094,-1.5542120193269011,-0.5353610692581668
2022-07-01,-2.0403507317678864,-0.7450560724178674,-1.544292574598912,-1.2059842061446715,-1.4962796940808354,-1.0172034482461725,-1.3415277878760576,-2.0403507317678864,-0.7450560724178674
2022-10-01,-2.3168284852440753,-0.6620618573790898,-1.9431379973111376,-1.491328133924539,-1.6110889258070216,-1.176603954947651,-1.5335082257689192,-2.3168284852440753,-0.6620618573790898
2023-01-01,-2.156336116866159,-0.3596571191564045,-2.1974418944841454,-1.3999158152745934,-1.714723289736813,-1.280410197973141,-1.5180807389152096,-2.1974418944841454,-0.3596571191564045
2023-04-01,-1.7548916905007872,0.08799706839852739,-2.3918814212320045,-1.2182756863742799,-1.8057327485984078,-1.3444202214173837,-1.4045341166207228,-2.3918814212320045,0.08799706839852739
2023-07-01,-1.3205853893036705,0.4320994219093601,-2.6018351003765625,-0.9934624459856568,-1.8966737178610633,-1.3843498395069456,-1.2941345118540897,-2.6018351003765625,0.4320994219093601
2023-10-01,-1.1963814135687252,0.753800199130227,-2.7576411280997055,-1.0914341965884298,-1.9071391205829975,-1.3944036226367187,-1.2655332137243918,-2.7576411280997055,0.753800199130227
2024-01-01,-1.1460177385689339,0.8642466291542131,-2.121731667439454,-0.7210858352405218,-1.7021706530569827,-1.3171452120741824,-1.0239840795376436,-2.121731667439454,0.8642466291542131
2024-04-01,-1.2753455054982803,0.8369726922758675,-2.185326556704228,-0.9031944470377402,-1.680016542539579,-1.2924483499326043,-1.0832264515727605,-2.185326556704228,0.8369726922758675
2024-07-01,-1.3481064681338102,0.7142508821886512,-2.104858144120606,-0.919458636525907,-1.681664969419522,-1.2571472256301468,-1.0994974269402233,-2.104858144120606,0.7142508821886512
2024-10-01,-1.1342797669815032,0.7029349140052193,-2.0917740928213027,-0.7701841598155263,-1.6833177492389177,-1.268468191471042,-1.0408481743871787,-2.0917740928213027,0.7029349140052193
2025-01-01,-0.6361571696696913,0.7327779471599034,-1.9857196936886716,-0.4389292794918578,-1.701078474312789,-1.2247354151315402,-0.8756403475224411,-1.9857196936886716,0.7327779471599034
2025-04-01,-0.06669417538027478,0.8987404938024228,-2.2013138020732312,-0.1370451879099519,-1.7845146041713047,-1.242488949142228,-0.7555527041457614,-2.2013138020732312,0.8987404938024228
2025-07-01,-0.015653218291715287,1.0624364119121934,-2.0715821737938063,-0.22735808348296294,-1.773714422359306,-1.1940700049216886,-0.703323581822881,-2.0715821737938063,1.0624364119121934
2025-10-01,-0.015653189118860933,1.0624364221050813,-2.087450502207987,-0.23529226335890074,-1.7760212447036927,-1.2297055543782938,-0.7136143886104422,-2.087450502207987,1.0624364221050813
